months_as_customer,policy_state,policy_csl,policy_deductable,policy_annual_premium,umbrella_limit,insured_sex,insured_education_level,insured_occupation,insured_hobbies,insured_relationship,capital_gains,capital_loss,incident_type,collision_type,incident_severity,authorities_contacted,incident_state,number_of_vehicles_involved,property_damage,bodily_injuries,witnesses,police_report_available,auto_make,auto_model,fraud_reported
328.0,OH,1,1000.0,1406.91,0.0,1,4,2,17,0,53300.0,0.0,2,3,0,4,4,1.0,2,1.0,2.0,2,10,1,1.0
228.0,IN,1,2000.0,1197.22,5000000.0,1,4,6,15,2,0.0,0.0,3,0,1,4,5,1.0,0,0.0,0.0,0,8,12,1.0
134.0,OH,0,2000.0,1413.14,5000000.0,0,6,11,2,3,35100.0,0.0,0,2,1,4,1,3.0,1,2.0,3.0,1,4,30,0.0
256.0,IL,1,2000.0,1415.74,6000000.0,0,6,1,2,4,48900.0,-62400.0,2,1,0,4,2,1.0,0,1.0,2.0,1,3,34,1.0
228.0,IL,2,1000.0,1583.91,6000000.0,1,0,11,2,4,66000.0,-46000.0,3,0,1,2,1,1.0,1,0.0,1.0,1,0,31,0.0
256.0,OH,1,1000.0,1351.1,0.0,0,6,12,3,4,0.0,0.0,0,2,0,1,4,3.0,1,0.0,2.0,1,10,3,1.0
137.0,IN,1,1000.0,1333.35,0.0,1,6,9,2,0,0.0,-77000.0,0,1,1,4,1,3.0,0,0.0,0.0,0,9,29,0.0
165.0,IL,0,1000.0,1137.03,0.0,1,0,12,0,4,0.0,0.0,0,1,2,4,5,3.0,0,2.0,2.0,2,1,5,0.0
27.0,IL,0,500.0,1442.99,0.0,0,6,7,9,3,0.0,0.0,2,1,2,4,6,1.0,1,1.0,1.0,2,12,9,0.0
212.0,IL,0,500.0,1315.68,0.0,1,6,8,4,5,0.0,-39300.0,2,2,2,3,0,1.0,1,2.0,1.0,0,10,1,0.0
235.0,OH,0,500.0,1253.12,4000000.0,0,5,3,7,2,38400.0,0.0,2,1,2,4,1,1.0,2,2.0,2.0,0,5,14,0.0
447.0,OH,0,2000.0,1137.16,0.0,0,2,3,16,2,0.0,-51000.0,0,1,0,1,4,3.0,2,1.0,2.0,2,1,4,0.0
60.0,OH,2,500.0,1215.36,3000000.0,1,4,10,15,5,0.0,0.0,2,2,2,0,4,1.0,2,1.0,0.0,1,10,3,0.0
121.0,OH,0,1000.0,936.61,0.0,0,4,1,3,5,52800.0,-32800.0,1,0,1,2,4,1.0,1,1.0,1.0,1,12,18,0.0
180.0,OH,1,2000.0,1301.13,0.0,0,1,6,2,1,41300.0,-55500.0,2,2,2,4,4,1.0,1,0.0,2.0,2,4,27,1.0
473.0,IN,0,2000.0,1131.4,0.0,0,4,13,12,2,55700.0,0.0,0,3,0,3,6,4.0,2,0.0,0.0,1,0,23,1.0
70.0,OH,2,1000.0,1199.44,5000000.0,1,1,6,10,3,63600.0,0.0,0,2,0,3,1,3.0,0,1.0,2.0,2,9,26,0.0
140.0,IN,2,500.0,708.64,6000000.0,1,2,6,15,4,53500.0,0.0,2,3,2,4,6,1.0,1,0.0,2.0,2,11,21,0.0
160.0,OH,2,500.0,1374.22,0.0,0,4,2,19,2,45500.0,-37800.0,2,3,2,3,1,1.0,2,1.0,0.0,1,0,33,0.0
196.0,IN,2,2000.0,1475.73,0.0,0,2,5,4,3,57000.0,-27300.0,0,3,0,4,5,3.0,0,2.0,0.0,1,9,29,0.0
460.0,IN,1,1000.0,1187.96,4000000.0,1,3,7,3,3,0.0,0.0,0,2,1,4,1,3.0,1,1.0,0.0,0,11,19,0.0
217.0,IL,2,2000.0,875.15,0.0,0,0,6,16,3,46700.0,0.0,0,3,2,4,4,3.0,0,1.0,2.0,0,0,31,0.0
370.0,IL,0,2000.0,972.18,0.0,1,2,9,13,2,72700.0,-68200.0,0,2,0,0,4,3.0,1,0.0,0.0,2,11,15,1.0
413.0,IN,0,2000.0,1268.79,0.0,1,4,8,5,3,0.0,-31000.0,2,1,2,0,6,1.0,0,2.0,2.0,0,4,30,1.0
237.0,IN,0,1000.0,883.31,0.0,1,1,2,11,0,0.0,-53500.0,2,2,1,3,5,1.0,1,1.0,3.0,1,5,13,0.0
8.0,OH,0,2000.0,1266.92,0.0,1,5,11,14,3,0.0,0.0,0,2,0,3,2,3.0,1,1.0,3.0,2,5,13,1.0
257.0,IN,0,2000.0,1322.1,0.0,1,2,9,9,3,0.0,-29200.0,1,0,1,4,3,1.0,2,1.0,3.0,2,12,9,0.0
202.0,IN,0,500.0,848.07,3000000.0,1,3,3,5,1,31000.0,-30200.0,3,0,1,2,5,1.0,2,2.0,1.0,0,11,15,1.0
224.0,OH,0,2000.0,1291.7,0.0,0,3,11,11,1,0.0,-55600.0,2,3,1,3,4,1.0,1,1.0,0.0,2,4,27,0.0
241.0,IL,2,2000.0,1104.5,0.0,0,6,6,1,4,0.0,0.0,2,2,1,4,4,1.0,1,2.0,2.0,1,0,33,0.0
64.0,IL,1,1000.0,954.16,0.0,1,5,9,18,0,53200.0,0.0,0,3,0,0,4,4.0,1,0.0,0.0,0,12,11,0.0
166.0,IL,0,2000.0,1337.28,8000000.0,1,3,2,15,0,27500.0,0.0,0,3,0,4,6,3.0,1,2.0,2.0,0,5,14,1.0
155.0,IL,2,1000.0,1088.34,0.0,0,0,0,19,2,81100.0,0.0,0,1,2,4,1,3.0,2,2.0,3.0,1,2,0,0.0
114.0,IL,0,1000.0,1558.29,0.0,1,2,4,18,5,51400.0,-64000.0,0,1,0,0,1,3.0,1,1.0,2.0,0,11,19,0.0
149.0,IL,2,500.0,1415.68,0.0,1,6,9,19,3,0.0,0.0,2,3,2,1,6,1.0,2,0.0,1.0,2,1,4,0.0
147.0,OH,0,1000.0,1334.15,6000000.0,1,2,2,15,1,53300.0,-49200.0,2,1,0,3,6,1.0,2,2.0,0.0,2,8,7,1.0
62.0,IL,0,1000.0,988.45,0.0,0,5,10,4,4,0.0,0.0,2,2,2,4,1,1.0,0,1.0,1.0,2,11,15,1.0
289.0,IL,2,2000.0,1222.48,0.0,0,3,8,9,4,0.0,0.0,1,0,1,2,6,1.0,1,1.0,1.0,2,11,21,0.0
431.0,IN,2,2000.0,1155.55,0.0,0,4,2,3,4,65700.0,0.0,0,2,0,4,1,3.0,0,2.0,0.0,0,7,36,0.0
199.0,IN,1,500.0,1262.08,0.0,1,3,12,18,5,48500.0,0.0,2,1,0,0,0,1.0,0,0.0,3.0,1,9,29,1.0
79.0,IL,0,500.0,1451.62,0.0,1,0,12,11,1,0.0,-55700.0,2,2,1,0,6,1.0,1,2.0,2.0,0,2,22,0.0
116.0,IN,1,500.0,1737.66,0.0,1,0,13,5,4,0.0,-24100.0,2,3,0,4,6,1.0,0,1.0,1.0,0,2,37,1.0
37.0,IL,2,500.0,1475.93,0.0,0,1,9,10,0,0.0,-67400.0,0,3,1,3,4,3.0,2,1.0,0.0,1,4,30,0.0
106.0,OH,1,500.0,538.17,0.0,0,6,13,15,3,49700.0,-60200.0,2,2,2,3,0,1.0,1,2.0,2.0,1,8,12,0.0
269.0,IL,0,2000.0,1081.08,0.0,1,3,8,15,4,36400.0,-28700.0,2,1,1,3,4,1.0,2,0.0,2.0,0,12,18,0.0
265.0,IL,1,1000.0,1454.43,0.0,0,4,10,19,0,0.0,0.0,0,2,2,3,1,3.0,1,2.0,3.0,0,0,23,0.0
163.0,IN,0,500.0,1240.47,0.0,0,0,7,14,0,35300.0,0.0,0,2,2,1,0,3.0,2,1.0,1.0,0,6,10,0.0
355.0,OH,2,2000.0,1273.7,4000000.0,1,1,7,11,0,0.0,0.0,0,1,0,1,6,3.0,1,2.0,1.0,1,1,4,1.0
175.0,IN,2,1000.0,1123.87,8000000.0,0,6,10,7,2,0.0,0.0,3,0,3,4,1,1.0,0,2.0,0.0,2,13,28,0.0
192.0,IL,0,1000.0,1245.89,0.0,0,5,3,12,5,0.0,-40300.0,2,2,2,3,6,1.0,1,0.0,0.0,0,8,7,0.0
430.0,OH,1,2000.0,1326.62,7000000.0,1,4,7,3,3,0.0,0.0,0,1,1,1,1,3.0,0,0.0,3.0,2,9,29,0.0
91.0,IL,0,2000.0,1073.83,0.0,0,3,4,14,0,0.0,0.0,3,0,3,2,1,1.0,0,1.0,2.0,0,2,22,0.0
217.0,IN,0,1000.0,1530.52,0.0,1,1,1,1,1,0.0,0.0,3,0,1,2,6,1.0,0,2.0,1.0,2,12,11,0.0
223.0,IN,0,500.0,1201.41,0.0,0,3,8,12,0,88400.0,-46500.0,0,3,0,4,0,3.0,2,1.0,0.0,0,11,15,0.0
195.0,OH,1,1000.0,1393.57,0.0,1,6,6,12,1,47600.0,-39600.0,1,0,1,4,5,1.0,1,0.0,1.0,2,5,14,0.0
22.0,OH,0,1000.0,1276.57,0.0,1,6,2,16,1,71500.0,0.0,2,2,1,1,1,1.0,2,1.0,2.0,1,3,32,0.0
439.0,IN,1,500.0,1082.49,0.0,0,6,9,5,4,36100.0,-55000.0,0,1,0,1,4,3.0,0,2.0,3.0,0,6,8,0.0
94.0,IN,2,1000.0,1414.74,0.0,0,5,0,10,3,0.0,0.0,1,0,1,2,5,1.0,1,1.0,3.0,1,3,32,0.0
11.0,IL,1,2000.0,1470.06,0.0,1,6,7,19,0,56600.0,-45800.0,2,1,2,0,6,1.0,2,0.0,1.0,1,10,2,0.0
151.0,OH,1,2000.0,870.63,0.0,0,4,0,11,3,94800.0,-58500.0,0,3,1,4,5,3.0,1,1.0,1.0,1,5,13,0.0
154.0,IN,0,500.0,795.23,0.0,1,6,6,0,2,36900.0,0.0,0,2,0,4,1,3.0,2,2.0,1.0,0,9,26,1.0
245.0,IL,2,1000.0,1168.2,0.0,1,3,5,1,0,69100.0,0.0,0,3,2,3,2,3.0,1,0.0,3.0,1,6,6,0.0
119.0,IL,2,1000.0,993.51,0.0,1,2,1,3,4,0.0,-49500.0,2,3,1,3,6,1.0,1,0.0,3.0,2,2,22,0.0
215.0,OH,2,500.0,1848.81,0.0,1,3,13,18,3,0.0,-49000.0,0,1,0,1,6,3.0,2,2.0,2.0,2,11,21,1.0
295.0,OH,1,2000.0,1641.73,5000000.0,1,6,11,5,1,62400.0,0.0,0,2,2,1,5,3.0,1,0.0,0.0,1,5,13,1.0
254.0,IN,0,500.0,1362.87,0.0,0,4,3,5,2,35700.0,0.0,0,1,1,0,1,3.0,2,2.0,2.0,1,4,27,1.0
107.0,IN,1,500.0,1239.22,7000000.0,0,2,12,13,1,43400.0,-91200.0,2,3,1,1,4,1.0,2,0.0,1.0,1,1,5,1.0
478.0,OH,1,500.0,835.02,0.0,0,0,0,15,4,59600.0,0.0,0,3,1,1,6,3.0,1,1.0,1.0,1,2,38,0.0
128.0,OH,0,1000.0,1061.33,0.0,1,4,6,12,3,43300.0,-66200.0,2,1,0,0,6,1.0,1,0.0,3.0,1,1,5,0.0
338.0,IN,2,1000.0,1279.08,0.0,1,4,7,11,3,0.0,-51500.0,1,0,1,2,0,1.0,1,0.0,1.0,0,5,14,0.0
271.0,OH,0,500.0,1105.49,0.0,0,0,9,17,3,56200.0,-50000.0,0,3,0,3,4,2.0,0,2.0,3.0,0,1,4,1.0
222.0,OH,0,2000.0,1055.53,0.0,0,4,1,6,1,37800.0,-50300.0,2,1,2,3,6,1.0,1,0.0,2.0,1,6,10,1.0
199.0,OH,1,1000.0,895.83,0.0,0,0,11,13,0,0.0,0.0,2,2,1,0,0,1.0,1,1.0,2.0,1,3,25,0.0
215.0,IN,0,500.0,1632.93,0.0,0,1,13,9,1,0.0,-42900.0,0,2,1,1,4,3.0,1,2.0,0.0,2,8,7,0.0
192.0,IL,0,1000.0,1405.99,0.0,0,0,11,19,5,0.0,0.0,0,3,1,0,5,3.0,2,1.0,0.0,2,2,38,0.0
120.0,OH,0,1000.0,1425.54,0.0,0,2,13,3,2,78300.0,0.0,0,1,2,0,4,3.0,1,2.0,0.0,1,5,16,0.0
270.0,OH,2,1000.0,1038.09,0.0,0,1,5,9,0,0.0,-19700.0,0,1,1,1,1,3.0,1,1.0,1.0,2,11,21,0.0
319.0,IN,1,500.0,1307.11,0.0,1,1,13,7,1,0.0,0.0,0,1,2,4,6,3.0,1,0.0,2.0,0,1,4,0.0
194.0,OH,2,1000.0,1489.24,6000000.0,0,3,7,11,5,0.0,-45000.0,3,0,1,2,4,1.0,2,2.0,2.0,2,10,3,0.0
227.0,OH,2,500.0,976.67,0.0,0,6,5,14,4,0.0,0.0,2,2,0,1,4,1.0,0,1.0,2.0,0,2,22,1.0
137.0,OH,1,2000.0,1340.43,0.0,1,2,3,13,0,52700.0,-40600.0,0,3,1,0,0,3.0,1,1.0,2.0,1,0,23,0.0
244.0,OH,2,2000.0,1267.81,5000000.0,0,5,3,18,5,0.0,0.0,3,0,3,2,0,1.0,0,2.0,1.0,0,0,33,0.0
78.0,IL,1,1000.0,1234.2,6000000.0,1,5,7,3,2,0.0,0.0,3,0,1,4,1,1.0,2,2.0,2.0,1,9,26,0.0
200.0,IN,1,2000.0,1318.06,0.0,1,2,3,18,5,57300.0,-80600.0,3,0,3,2,5,1.0,1,0.0,3.0,2,13,20,0.0
284.0,IN,2,2000.0,769.95,0.0,1,5,9,12,1,0.0,-44200.0,0,3,0,0,1,2.0,0,2.0,3.0,1,1,4,1.0
275.0,OH,0,2000.0,1514.72,0.0,1,2,13,2,3,35700.0,0.0,0,1,0,1,1,3.0,2,0.0,1.0,0,11,21,0.0
153.0,IL,2,1000.0,873.64,4000000.0,0,0,8,19,0,800.0,0.0,0,1,1,3,4,3.0,1,2.0,1.0,0,5,14,0.0
134.0,IL,2,500.0,1612.43,0.0,0,4,7,19,3,36400.0,0.0,2,3,2,1,5,1.0,0,2.0,1.0,2,2,0,0.0
31.0,IL,2,2000.0,1318.24,9000000.0,0,1,9,11,1,0.0,-78600.0,1,0,3,2,6,1.0,1,0.0,1.0,2,4,27,0.0
41.0,IN,0,1000.0,1226.83,0.0,0,1,3,8,1,0.0,-56100.0,0,3,0,3,4,3.0,2,2.0,0.0,0,0,23,1.0
127.0,OH,1,2000.0,1326.44,5000000.0,0,2,11,2,3,0.0,0.0,0,1,2,1,4,2.0,2,1.0,1.0,0,10,2,0.0
61.0,IL,1,2000.0,1136.83,4000000.0,0,0,12,8,3,0.0,-62400.0,2,3,0,4,1,1.0,1,0.0,3.0,0,6,6,1.0
207.0,IL,1,2000.0,1322.78,0.0,1,6,4,19,3,55200.0,0.0,1,0,3,2,6,1.0,1,0.0,1.0,1,2,37,0.0
219.0,IN,0,1000.0,1483.25,0.0,0,4,3,8,1,90700.0,-20800.0,0,1,0,0,0,3.0,1,1.0,1.0,0,5,16,0.0
271.0,IL,0,500.0,1515.3,0.0,0,2,6,10,1,0.0,0.0,0,2,2,0,4,3.0,1,1.0,0.0,1,8,24,0.0
80.0,IL,0,2000.0,1075.18,5000000.0,0,6,1,8,0,67700.0,-58400.0,3,0,1,2,2,1.0,1,2.0,0.0,2,12,18,0.0
325.0,IN,2,1000.0,1690.27,0.0,0,0,10,10,1,61500.0,0.0,2,3,0,1,5,1.0,2,0.0,3.0,1,4,30,1.0
29.0,IL,1,2000.0,1352.83,0.0,1,5,4,16,3,0.0,-71700.0,0,2,1,3,4,4.0,2,1.0,2.0,2,9,29,1.0
295.0,OH,1,1000.0,1148.73,0.0,0,1,6,11,5,0.0,0.0,1,0,3,2,6,1.0,0,1.0,2.0,2,10,3,0.0
239.0,IL,0,1000.0,969.5,0.0,1,1,3,15,1,0.0,0.0,3,0,3,2,0,1.0,1,0.0,0.0,0,1,4,0.0
269.0,IN,0,500.0,1463.82,0.0,0,1,10,19,1,0.0,-72300.0,2,2,1,4,4,1.0,2,0.0,0.0,0,10,1,0.0
80.0,IL,0,1000.0,1474.17,0.0,0,1,12,8,4,0.0,0.0,2,3,0,4,6,1.0,2,1.0,0.0,2,10,3,0.0
279.0,IL,1,500.0,1497.35,0.0,0,3,9,3,0,37300.0,-31700.0,0,1,1,1,0,3.0,0,2.0,3.0,1,5,16,0.0
165.0,OH,0,1000.0,1427.14,0.0,0,0,12,11,2,35300.0,-58100.0,1,0,1,4,6,1.0,1,1.0,1.0,1,12,18,0.0
350.0,OH,2,500.0,1495.1,0.0,1,1,7,1,5,50500.0,0.0,0,3,2,4,4,3.0,1,0.0,0.0,0,3,25,0.0
295.0,IL,0,500.0,1141.62,0.0,1,1,9,11,0,34300.0,-24300.0,3,0,1,2,6,1.0,2,1.0,3.0,2,8,12,0.0
464.0,OH,2,1000.0,1125.37,0.0,0,0,9,1,0,0.0,-56400.0,0,2,0,4,5,3.0,0,0.0,2.0,2,10,3,1.0
118.0,IN,2,2000.0,1207.36,0.0,0,2,5,4,3,0.0,-57000.0,0,1,0,0,6,2.0,1,1.0,0.0,0,13,28,0.0
298.0,IL,2,2000.0,1338.5,0.0,0,6,6,1,2,28800.0,0.0,2,1,0,1,1,1.0,0,0.0,0.0,0,10,2,1.0
87.0,IN,2,1000.0,1074.07,0.0,0,5,11,5,0,0.0,-47500.0,0,2,0,1,1,3.0,1,0.0,3.0,2,9,35,1.0
261.0,OH,1,500.0,1337.56,0.0,0,1,9,18,4,0.0,0.0,2,2,1,4,4,1.0,0,1.0,2.0,2,4,30,0.0
453.0,IN,0,500.0,1298.91,6000000.0,1,6,2,7,4,52600.0,-38800.0,2,1,0,1,0,1.0,2,0.0,0.0,0,5,14,1.0
210.0,IL,2,500.0,1222.75,0.0,1,2,3,14,2,0.0,-41000.0,0,2,2,3,6,3.0,0,2.0,0.0,1,2,37,0.0
168.0,IN,0,1000.0,1059.52,0.0,1,4,10,4,3,0.0,-40600.0,0,3,0,3,5,2.0,0,1.0,1.0,0,10,2,0.0
390.0,OH,1,2000.0,1124.38,0.0,1,0,1,15,2,0.0,0.0,3,0,1,2,5,1.0,2,1.0,1.0,2,5,14,0.0
258.0,IN,0,1000.0,1110.37,10000000.0,1,4,6,10,2,34400.0,-56800.0,0,3,2,3,1,3.0,1,0.0,1.0,0,0,23,1.0
107.0,IL,2,2000.0,1374.22,0.0,0,6,6,3,2,62000.0,-63100.0,2,2,1,4,4,1.0,1,0.0,3.0,1,11,21,0.0
225.0,OH,2,2000.0,1103.58,0.0,1,2,3,8,4,41200.0,-36200.0,0,3,0,4,1,3.0,0,2.0,2.0,1,12,18,1.0
164.0,IL,1,2000.0,1269.76,0.0,0,6,13,19,1,44300.0,0.0,2,2,1,1,1,1.0,1,1.0,3.0,2,5,16,0.0
245.0,OH,1,500.0,964.79,8000000.0,0,0,0,4,0,58000.0,0.0,0,2,1,4,1,3.0,0,0.0,1.0,0,2,0,0.0
255.0,IL,2,2000.0,1167.3,4000000.0,1,2,8,2,2,0.0,0.0,2,3,1,1,4,1.0,1,2.0,0.0,0,13,28,0.0
206.0,IL,2,500.0,1625.45,4000000.0,0,4,7,18,2,0.0,-53700.0,2,1,0,0,1,1.0,1,2.0,1.0,1,5,16,1.0
203.0,IL,1,500.0,1394.43,0.0,0,5,7,16,1,0.0,0.0,2,1,0,0,5,1.0,0,0.0,1.0,2,9,26,1.0
22.0,OH,1,2000.0,1053.24,0.0,0,1,9,12,2,51100.0,0.0,0,1,2,3,0,4.0,2,1.0,0.0,1,0,23,0.0
211.0,IL,0,500.0,1040.75,0.0,0,3,9,13,1,0.0,0.0,2,2,2,0,6,1.0,2,1.0,1.0,0,2,37,0.0
206.0,IN,1,1000.0,1302.4,6000000.0,1,3,2,7,4,47200.0,-69700.0,0,2,2,0,1,3.0,1,2.0,3.0,2,5,13,0.0
166.0,IL,0,2000.0,1588.55,0.0,1,4,10,18,4,59600.0,-32100.0,2,3,2,3,6,1.0,1,0.0,0.0,0,11,19,0.0
165.0,IN,2,500.0,1399.26,0.0,0,2,12,8,3,70500.0,0.0,1,0,1,4,3,1.0,0,2.0,0.0,0,2,22,0.0
274.0,OH,0,2000.0,1352.31,0.0,1,1,4,1,5,40700.0,-47300.0,2,1,0,1,1,1.0,2,0.0,3.0,2,2,37,1.0
81.0,IL,1,1000.0,1139.0,6000000.0,0,5,11,17,0,42400.0,0.0,0,1,0,1,4,3.0,0,1.0,2.0,0,10,1,1.0
280.0,IN,1,1000.0,1397.67,0.0,1,3,6,4,5,57900.0,0.0,0,1,1,3,1,3.0,2,1.0,2.0,1,5,13,0.0
194.0,IN,1,500.0,823.17,0.0,1,5,0,13,3,0.0,0.0,0,1,0,3,6,3.0,0,2.0,2.0,1,4,30,0.0
112.0,OH,0,500.0,965.13,0.0,0,5,12,8,4,60000.0,-54800.0,0,1,0,0,0,3.0,0,0.0,1.0,0,9,29,0.0
24.0,IL,2,1000.0,1922.84,0.0,0,2,6,16,5,0.0,-45200.0,2,3,2,4,6,1.0,0,2.0,1.0,1,7,36,0.0
93.0,OH,1,2000.0,1624.82,0.0,1,6,3,1,4,65300.0,-65600.0,2,3,1,0,6,1.0,0,1.0,1.0,0,2,0,0.0
171.0,IN,1,2000.0,1277.25,0.0,0,1,3,19,2,84900.0,0.0,2,2,0,4,1,1.0,1,1.0,2.0,0,13,28,1.0
200.0,IL,0,1000.0,1439.34,0.0,0,2,11,8,2,45300.0,-20400.0,3,0,1,4,5,1.0,0,0.0,0.0,1,5,13,0.0
120.0,IL,1,1000.0,1281.27,0.0,0,6,12,9,1,68900.0,0.0,0,2,1,1,4,3.0,1,0.0,3.0,0,2,37,0.0
325.0,IL,2,500.0,1348.83,0.0,0,2,9,1,5,46300.0,-77500.0,0,2,1,1,0,3.0,0,1.0,2.0,2,12,9,0.0
124.0,IL,1,1000.0,1198.15,0.0,0,4,7,10,1,0.0,-43200.0,0,1,2,3,5,3.0,1,0.0,2.0,2,2,37,0.0
211.0,OH,0,2000.0,1221.22,0.0,1,5,6,4,2,76000.0,0.0,2,2,2,4,1,1.0,2,0.0,1.0,0,8,12,0.0
287.0,IL,2,2000.0,968.74,0.0,1,5,13,18,5,0.0,-49000.0,3,0,3,2,4,1.0,0,2.0,3.0,0,11,15,0.0
122.0,IN,1,1000.0,1220.71,0.0,1,6,6,18,3,58600.0,-28700.0,1,0,1,2,4,1.0,0,2.0,1.0,2,3,32,0.0
22.0,IN,1,2000.0,1238.62,6000000.0,1,4,3,19,2,0.0,-56200.0,2,2,0,0,4,1.0,0,2.0,3.0,0,0,23,1.0
106.0,IL,2,2000.0,1320.75,0.0,0,3,4,18,5,54100.0,0.0,0,2,2,4,6,3.0,0,0.0,3.0,2,0,23,0.0
398.0,OH,0,500.0,990.98,0.0,0,0,3,6,5,0.0,-57900.0,2,1,0,4,0,1.0,2,2.0,1.0,0,0,33,1.0
214.0,IL,2,500.0,1398.51,4000000.0,1,5,12,14,1,0.0,-57100.0,0,3,0,1,0,3.0,0,2.0,0.0,1,2,38,1.0
209.0,OH,0,500.0,1355.08,0.0,0,4,7,9,2,58100.0,0.0,2,1,1,1,6,1.0,0,1.0,1.0,0,9,29,0.0
82.0,IL,0,1000.0,1384.51,0.0,1,6,0,15,1,13100.0,-38200.0,2,2,0,3,4,1.0,1,2.0,3.0,0,13,20,1.0
193.0,OH,1,500.0,847.03,0.0,0,3,2,16,1,0.0,0.0,2,3,0,3,4,1.0,0,1.0,0.0,2,11,19,1.0
134.0,OH,0,1000.0,1000.06,0.0,0,6,4,0,5,0.0,0.0,2,3,2,3,1,1.0,0,1.0,0.0,0,1,4,0.0
288.0,IL,0,1000.0,1046.71,0.0,1,5,8,14,0,0.0,0.0,0,2,0,1,0,3.0,0,2.0,1.0,0,8,7,0.0
104.0,IN,1,500.0,1158.03,0.0,1,2,3,11,3,31900.0,-44600.0,0,2,2,4,1,3.0,2,1.0,3.0,2,13,20,1.0
431.0,OH,0,1000.0,1372.27,0.0,0,5,2,13,3,17600.0,0.0,0,2,2,1,6,3.0,1,2.0,3.0,0,11,15,0.0
101.0,OH,0,1000.0,1053.04,7000000.0,0,5,7,15,3,52000.0,-44500.0,0,2,1,0,0,3.0,1,1.0,3.0,0,10,2,1.0
375.0,OH,0,1000.0,1275.39,0.0,1,0,11,3,2,0.0,0.0,2,1,0,4,1,1.0,2,2.0,3.0,1,1,5,1.0
461.0,OH,0,2000.0,1402.75,0.0,1,3,3,8,0,0.0,0.0,0,2,1,4,1,3.0,0,2.0,1.0,2,7,36,0.0
428.0,IN,1,500.0,1344.36,7000000.0,0,3,9,10,2,0.0,0.0,1,0,1,2,6,1.0,0,2.0,3.0,1,10,1,0.0
45.0,IN,0,1000.0,1197.71,0.0,1,5,6,12,1,29000.0,0.0,0,1,2,0,6,3.0,0,2.0,0.0,0,11,21,0.0
136.0,OH,0,500.0,1203.24,0.0,0,3,13,18,2,62500.0,-66900.0,3,0,1,4,1,1.0,0,2.0,0.0,0,6,6,0.0
216.0,IN,2,1000.0,1152.4,0.0,0,0,8,15,4,39600.0,-82400.0,1,0,1,4,5,1.0,2,2.0,3.0,0,8,12,0.0
278.0,IN,2,2000.0,1142.62,7000000.0,0,4,4,7,1,0.0,-54000.0,2,1,2,0,4,1.0,0,2.0,0.0,0,3,32,0.0
295.0,OH,2,1000.0,1332.07,0.0,0,4,3,14,4,49700.0,-59100.0,0,3,2,0,1,2.0,1,2.0,1.0,2,13,28,0.0
112.0,OH,2,1000.0,1166.54,0.0,0,5,9,17,1,47700.0,-59300.0,2,1,0,1,4,1.0,2,2.0,0.0,1,4,27,1.0
122.0,IL,1,500.0,1495.06,0.0,0,5,9,14,4,38100.0,-31400.0,0,2,2,1,3,3.0,1,2.0,0.0,2,8,12,0.0
108.0,IN,2,1000.0,1337.92,0.0,0,6,1,3,1,71400.0,0.0,0,3,1,0,6,3.0,1,2.0,2.0,2,11,21,0.0
14.0,OH,1,2000.0,1587.96,0.0,0,0,2,2,4,0.0,-26900.0,2,2,0,1,6,1.0,0,2.0,1.0,2,1,5,1.0
298.0,IL,2,1000.0,1362.29,0.0,1,2,4,19,4,0.0,-51100.0,0,1,1,0,1,3.0,1,0.0,0.0,1,10,3,0.0
276.0,IL,1,500.0,1448.84,0.0,0,5,6,3,0,0.0,-50000.0,1,0,3,4,4,1.0,0,0.0,1.0,1,12,18,0.0
47.0,IN,1,2000.0,1241.97,0.0,1,2,7,12,1,75400.0,0.0,1,0,1,2,1,1.0,1,1.0,0.0,1,7,36,0.0
222.0,IL,1,500.0,1124.6,0.0,1,0,1,10,1,0.0,0.0,0,2,1,4,1,3.0,2,0.0,0.0,0,7,36,0.0
119.0,OH,1,2000.0,1079.92,0.0,1,2,6,10,0,88800.0,0.0,2,2,2,0,3,1.0,0,0.0,1.0,2,13,20,1.0
73.0,IL,1,1000.0,1447.78,0.0,1,1,10,2,5,35100.0,-59900.0,0,2,2,3,4,3.0,2,1.0,0.0,0,4,27,0.0
8.0,IN,1,500.0,1229.16,4000000.0,0,4,13,11,5,0.0,-88300.0,0,1,0,1,3,3.0,0,0.0,2.0,2,13,20,0.0
294.0,IL,0,1000.0,1226.49,0.0,0,6,4,11,4,53900.0,0.0,3,0,3,2,6,1.0,1,0.0,1.0,1,5,16,0.0
324.0,IN,0,2000.0,897.89,6000000.0,1,4,12,2,5,0.0,-41300.0,2,2,1,3,3,1.0,0,1.0,0.0,2,7,36,0.0
155.0,IN,0,500.0,1706.79,0.0,1,5,10,7,2,0.0,0.0,2,1,1,0,2,1.0,1,1.0,1.0,2,6,10,0.0
261.0,IL,1,1000.0,1254.18,0.0,0,6,9,11,2,0.0,-45100.0,2,2,1,1,4,1.0,2,0.0,1.0,0,13,20,0.0
245.0,IN,2,500.0,885.08,0.0,0,5,1,16,2,27000.0,-58900.0,2,1,2,3,6,1.0,2,0.0,1.0,1,3,25,0.0
235.0,IL,0,500.0,1046.58,4000000.0,1,4,12,8,5,0.0,-31700.0,3,0,3,2,1,1.0,0,2.0,1.0,1,3,32,0.0
53.0,OH,2,2000.0,1712.68,0.0,1,0,5,1,1,72200.0,0.0,0,3,0,1,5,3.0,0,2.0,0.0,2,1,4,0.0
426.0,IL,2,2000.0,1097.71,0.0,0,5,0,15,1,29600.0,-22300.0,2,3,1,4,4,1.0,2,2.0,3.0,0,4,27,0.0
111.0,IN,1,500.0,1363.77,4000000.0,0,5,12,8,0,51100.0,0.0,2,3,2,4,5,1.0,2,2.0,3.0,1,0,31,0.0
86.0,OH,0,500.0,1382.88,7000000.0,1,3,12,6,2,0.0,-30300.0,2,2,1,4,4,1.0,0,1.0,1.0,2,3,25,1.0
296.0,OH,0,1000.0,1141.35,7000000.0,1,5,2,17,1,0.0,0.0,2,1,0,0,1,1.0,0,0.0,2.0,1,8,7,0.0
125.0,OH,2,500.0,1054.83,7000000.0,1,3,12,6,0,0.0,-51300.0,2,1,2,1,1,1.0,2,2.0,3.0,1,8,7,1.0
177.0,IL,0,2000.0,1057.77,0.0,0,3,12,3,4,0.0,-57700.0,0,1,2,0,0,3.0,0,1.0,1.0,1,1,4,0.0
238.0,IN,1,2000.0,1488.02,0.0,0,3,10,8,2,0.0,-39200.0,3,0,1,4,1,1.0,2,1.0,3.0,2,3,34,0.0
81.0,IN,0,500.0,920.3,5000000.0,0,2,12,10,3,51000.0,-67900.0,0,2,0,3,6,3.0,0,1.0,0.0,0,6,10,1.0
128.0,OH,2,1000.0,986.53,0.0,0,2,0,14,2,62700.0,0.0,2,2,2,0,5,1.0,1,0.0,2.0,2,6,8,0.0
449.0,OH,1,2000.0,1440.68,0.0,1,0,12,12,3,25000.0,0.0,1,0,1,2,4,1.0,2,0.0,1.0,2,13,28,0.0
252.0,IN,1,1000.0,1086.21,0.0,1,3,4,10,4,68500.0,-57500.0,2,3,1,4,4,1.0,0,1.0,2.0,0,9,26,0.0
359.0,OH,0,2000.0,1367.68,0.0,0,4,5,1,4,0.0,0.0,2,1,2,4,4,1.0,1,0.0,3.0,1,8,7,0.0
19.0,OH,2,1000.0,1215.85,0.0,1,2,7,10,0,42900.0,-90200.0,3,0,1,4,5,1.0,2,1.0,1.0,2,9,26,0.0
73.0,IL,1,2000.0,1191.19,4000000.0,1,4,4,1,1,29300.0,0.0,0,2,2,3,5,3.0,0,0.0,1.0,2,3,34,0.0
285.0,IL,2,1000.0,1594.45,0.0,1,2,5,3,0,0.0,0.0,0,3,2,1,0,2.0,2,2.0,3.0,1,10,3,0.0
196.0,IN,1,2000.0,1463.07,0.0,1,4,1,16,3,0.0,0.0,3,0,3,4,6,1.0,0,1.0,1.0,1,7,17,1.0
223.0,OH,1,500.0,1734.09,0.0,0,4,0,4,1,0.0,0.0,1,0,3,2,6,1.0,2,0.0,3.0,0,0,23,0.0
328.0,IL,1,500.0,1411.43,0.0,1,5,1,3,3,45100.0,-32800.0,2,1,0,0,1,1.0,2,2.0,1.0,1,6,10,0.0
285.0,OH,0,2000.0,1512.58,0.0,0,1,11,13,2,47600.0,0.0,3,0,1,4,4,1.0,0,1.0,1.0,0,2,0,0.0
30.0,IL,1,2000.0,1153.35,0.0,1,6,2,9,1,0.0,0.0,3,0,3,4,1,1.0,1,2.0,1.0,2,11,19,0.0
342.0,OH,1,500.0,1722.95,0.0,1,6,13,0,1,63100.0,-13800.0,2,2,1,1,6,1.0,0,2.0,0.0,2,11,21,0.0
219.0,IN,1,2000.0,1281.07,7000000.0,0,2,10,2,4,0.0,0.0,1,0,3,4,1,1.0,1,0.0,2.0,1,3,25,0.0
468.0,IL,0,500.0,1011.92,0.0,1,6,6,13,5,0.0,0.0,0,2,0,1,4,3.0,2,0.0,3.0,0,3,34,0.0
241.0,IL,1,2000.0,1042.26,0.0,1,3,11,11,0,0.0,0.0,0,2,2,0,6,3.0,1,1.0,2.0,0,10,2,0.0
223.0,OH,2,500.0,1235.1,0.0,0,5,12,8,1,66400.0,-34400.0,2,2,1,4,4,1.0,1,2.0,1.0,1,2,22,0.0
128.0,OH,0,2000.0,768.91,0.0,0,1,11,5,2,0.0,-39300.0,2,2,2,1,4,1.0,0,1.0,0.0,1,5,14,1.0
124.0,OH,2,500.0,1301.72,0.0,1,5,5,9,0,0.0,0.0,0,3,0,4,5,3.0,0,0.0,3.0,2,1,4,0.0
343.0,IN,1,500.0,1451.54,3000000.0,1,3,0,10,0,0.0,0.0,0,3,2,4,4,4.0,1,2.0,3.0,1,8,7,0.0
404.0,IN,1,500.0,767.14,0.0,1,0,11,15,1,25500.0,-36700.0,1,0,3,4,6,1.0,1,0.0,1.0,1,11,21,0.0
63.0,OH,1,2000.0,1620.89,0.0,0,2,5,12,2,0.0,0.0,3,0,1,4,0,1.0,1,2.0,0.0,1,12,11,0.0
210.0,IN,2,2000.0,1048.46,0.0,1,2,8,16,1,59900.0,0.0,3,0,3,2,2,1.0,0,1.0,2.0,0,4,30,0.0
335.0,OH,0,1000.0,1538.26,6000000.0,1,2,11,19,2,62200.0,-31400.0,0,3,1,0,1,3.0,2,2.0,3.0,2,13,28,0.0
11.0,OH,2,2000.0,1217.69,0.0,0,4,9,15,5,24000.0,0.0,0,3,0,3,4,3.0,0,1.0,0.0,0,4,27,1.0
142.0,IN,0,2000.0,1362.64,5000000.0,0,3,3,6,5,0.0,0.0,2,3,2,3,0,1.0,2,1.0,3.0,0,11,21,1.0
272.0,OH,0,1000.0,1279.13,0.0,1,6,2,3,2,0.0,0.0,0,3,1,0,0,3.0,0,1.0,2.0,2,1,4,1.0
69.0,IL,0,2000.0,924.72,0.0,0,2,6,0,4,0.0,0.0,2,1,1,1,1,1.0,1,2.0,2.0,1,1,5,0.0
38.0,OH,1,1000.0,1019.44,0.0,1,5,13,19,1,0.0,-39700.0,3,0,3,2,0,1.0,0,2.0,1.0,1,2,37,0.0
328.0,IL,2,500.0,1314.6,0.0,0,4,9,8,1,24800.0,0.0,2,2,2,3,6,1.0,0,2.0,3.0,0,10,1,1.0
281.0,OH,0,1000.0,1515.18,6000000.0,1,1,8,4,2,0.0,0.0,0,3,1,1,4,3.0,1,1.0,0.0,1,2,38,0.0
246.0,OH,1,2000.0,1649.18,0.0,1,1,4,0,2,0.0,-58600.0,2,1,0,3,1,1.0,2,1.0,2.0,2,6,10,1.0
298.0,OH,1,500.0,1451.01,0.0,0,1,7,8,3,47800.0,0.0,2,1,1,0,1,1.0,1,2.0,2.0,1,7,17,0.0
330.0,IL,2,1000.0,978.46,0.0,0,2,11,19,0,0.0,0.0,2,3,2,1,1,1.0,2,0.0,0.0,1,3,32,0.0
362.0,IL,1,500.0,1198.34,4000000.0,1,0,11,2,5,53000.0,-72500.0,0,3,2,1,1,3.0,0,1.0,1.0,1,8,12,0.0
241.0,IN,0,2000.0,1003.23,0.0,0,0,12,11,1,0.0,0.0,0,3,0,1,5,3.0,0,0.0,3.0,2,0,23,0.0
245.0,IN,2,2000.0,1212.0,0.0,1,5,3,1,4,24400.0,-60500.0,2,1,2,0,1,1.0,2,0.0,1.0,2,7,36,0.0
371.0,IL,1,1000.0,1242.96,7000000.0,0,2,7,13,3,0.0,-37100.0,0,2,1,3,1,2.0,2,2.0,0.0,0,0,31,0.0
343.0,IL,2,1000.0,1053.02,0.0,0,0,9,3,1,0.0,0.0,2,1,0,3,1,1.0,0,0.0,2.0,1,12,11,1.0
377.0,IL,0,500.0,1693.63,0.0,0,4,2,11,4,0.0,-64000.0,0,1,2,1,6,3.0,2,1.0,3.0,1,10,2,0.0
154.0,IL,1,1000.0,2047.59,0.0,0,4,4,7,2,0.0,-67800.0,2,2,1,3,4,1.0,0,0.0,3.0,1,0,23,0.0
166.0,OH,0,1000.0,1083.72,0.0,0,2,6,0,5,65600.0,-68200.0,2,3,2,3,1,1.0,1,0.0,2.0,2,6,8,0.0
298.0,OH,2,1000.0,1138.42,6000000.0,1,3,9,7,3,36900.0,-55000.0,2,3,1,4,4,1.0,1,2.0,3.0,2,13,28,0.0
235.0,IN,1,500.0,1072.62,0.0,0,5,6,8,0,39900.0,-60200.0,0,3,2,3,6,4.0,0,2.0,1.0,2,12,18,0.0
172.0,IL,0,2000.0,1219.04,0.0,1,4,5,13,3,63600.0,-68700.0,0,2,0,4,2,3.0,0,2.0,0.0,1,9,29,0.0
27.0,IN,0,2000.0,1371.78,0.0,1,3,4,14,2,0.0,-32500.0,0,1,0,3,3,3.0,0,0.0,2.0,2,1,5,1.0
428.0,IN,0,2000.0,1506.21,0.0,1,5,13,11,4,0.0,-24400.0,0,3,1,1,1,3.0,1,1.0,0.0,0,9,35,0.0
99.0,IN,0,1000.0,1058.21,3000000.0,1,3,2,9,4,0.0,0.0,2,1,2,1,1,1.0,2,1.0,1.0,1,4,30,0.0
107.0,IL,2,2000.0,932.14,0.0,1,4,11,6,3,40600.0,0.0,0,2,2,1,4,3.0,1,2.0,3.0,1,1,4,1.0
272.0,OH,2,2000.0,1608.34,0.0,0,0,4,15,3,33300.0,-10600.0,2,3,0,3,1,1.0,0,1.0,1.0,0,10,1,0.0
151.0,IN,2,1000.0,1728.56,0.0,0,5,4,7,3,54000.0,0.0,2,1,1,1,6,1.0,2,1.0,1.0,0,11,21,0.0
249.0,IL,1,1000.0,1518.46,0.0,0,4,1,6,3,0.0,0.0,2,1,0,1,4,1.0,0,0.0,0.0,2,10,1,0.0
177.0,IL,0,2000.0,1540.19,0.0,0,1,0,16,2,0.0,-74500.0,2,1,0,3,5,1.0,2,2.0,0.0,1,3,32,1.0
190.0,OH,2,2000.0,965.21,0.0,0,3,3,4,2,36900.0,-53700.0,1,0,3,2,4,1.0,0,2.0,1.0,2,9,35,0.0
174.0,IL,0,2000.0,1278.75,0.0,0,1,12,13,3,53200.0,-53800.0,0,2,2,0,1,3.0,0,2.0,2.0,1,4,30,0.0
95.0,OH,1,1000.0,773.99,0.0,1,0,1,2,2,0.0,-70300.0,3,0,3,2,3,1.0,2,1.0,2.0,1,8,12,0.0
371.0,IN,2,1000.0,1532.47,0.0,0,0,12,9,2,60300.0,-24700.0,2,2,0,1,1,1.0,2,0.0,3.0,2,4,30,1.0
2.0,IL,1,1000.0,1340.56,0.0,0,3,6,9,1,0.0,0.0,2,3,1,1,1,1.0,2,0.0,2.0,2,10,1,0.0
269.0,OH,0,500.0,1297.75,4000000.0,0,3,7,5,3,0.0,-41400.0,0,2,2,0,4,3.0,0,0.0,1.0,0,3,34,1.0
101.0,IL,1,1000.0,433.33,0.0,1,5,6,9,2,25900.0,0.0,1,0,1,2,4,1.0,0,0.0,3.0,1,8,12,0.0
94.0,IN,1,2000.0,1025.54,0.0,0,2,1,13,2,0.0,-52600.0,2,2,0,1,0,1.0,0,1.0,3.0,2,3,25,0.0
117.0,OH,1,500.0,1264.77,0.0,0,0,13,19,4,47500.0,-32500.0,0,2,2,1,4,2.0,2,0.0,1.0,0,11,15,1.0
111.0,OH,1,500.0,1459.97,5000000.0,1,4,11,19,2,0.0,0.0,0,3,0,4,4,3.0,1,1.0,2.0,1,5,14,1.0
242.0,OH,0,500.0,1238.65,0.0,0,2,13,3,0,0.0,-44600.0,3,0,3,4,6,1.0,2,1.0,1.0,1,10,3,0.0
440.0,OH,1,500.0,1050.76,0.0,1,6,13,12,5,41500.0,-70200.0,2,3,0,1,2,1.0,0,2.0,3.0,1,9,26,1.0
20.0,OH,2,1000.0,1711.72,0.0,0,3,12,0,5,0.0,0.0,0,2,0,1,4,3.0,1,2.0,2.0,1,3,34,1.0
461.0,IL,0,500.0,865.33,7000000.0,0,2,4,9,3,0.0,0.0,0,3,0,0,1,3.0,1,0.0,1.0,0,4,30,0.0
208.0,IL,1,500.0,1153.49,0.0,1,0,2,0,2,0.0,0.0,0,3,2,3,4,3.0,2,1.0,0.0,2,0,33,0.0
279.0,OH,2,2000.0,1281.25,0.0,1,0,6,6,2,0.0,0.0,2,3,0,4,4,1.0,2,0.0,1.0,1,8,7,1.0
244.0,IL,0,500.0,1342.8,0.0,0,4,11,0,0,0.0,0.0,3,0,3,4,1,1.0,2,1.0,3.0,2,12,9,0.0
134.0,OH,1,2000.0,1443.32,0.0,0,6,3,7,4,0.0,0.0,0,2,0,1,4,3.0,0,0.0,2.0,2,11,19,1.0
122.0,OH,1,1000.0,1629.94,0.0,0,5,8,16,2,0.0,-47100.0,1,0,3,2,4,1.0,0,0.0,1.0,1,4,27,0.0
156.0,IL,0,2000.0,1134.08,0.0,1,6,7,15,0,0.0,0.0,2,1,0,4,0,1.0,0,2.0,0.0,0,5,16,1.0
232.0,OH,1,500.0,1483.91,8000000.0,1,1,6,9,0,0.0,-33600.0,0,2,0,0,1,3.0,1,0.0,1.0,0,13,28,1.0
244.0,IN,2,2000.0,1304.67,7000000.0,1,5,1,0,2,0.0,-45000.0,0,3,1,4,4,3.0,0,1.0,1.0,0,4,30,0.0
84.0,IL,2,2000.0,1035.79,0.0,0,4,10,11,5,44400.0,-51500.0,2,3,1,4,4,1.0,1,1.0,0.0,2,13,28,0.0
394.0,IL,1,500.0,1401.2,0.0,0,2,2,12,3,51500.0,0.0,3,0,3,4,0,1.0,1,1.0,0.0,1,1,5,0.0
246.0,IL,1,1000.0,1665.45,0.0,1,3,6,10,5,34400.0,-33100.0,0,3,0,1,3,3.0,0,2.0,2.0,0,12,9,1.0
35.0,IN,2,2000.0,653.66,0.0,0,3,5,18,4,52100.0,-46900.0,0,2,1,1,4,3.0,1,0.0,0.0,0,2,37,0.0
156.0,OH,0,500.0,1080.13,0.0,1,0,10,15,2,0.0,-61000.0,0,2,0,0,3,3.0,2,0.0,3.0,1,9,29,0.0
195.0,IN,0,2000.0,1346.18,0.0,0,0,6,4,5,57800.0,-53300.0,0,1,2,1,4,3.0,2,2.0,3.0,2,3,34,0.0
369.0,OH,1,2000.0,1589.54,0.0,1,1,5,4,0,55400.0,0.0,0,2,1,4,5,3.0,0,2.0,0.0,2,12,18,0.0
271.0,IL,0,1000.0,1251.65,0.0,0,0,7,4,5,71200.0,0.0,1,0,1,2,1,1.0,1,0.0,0.0,1,1,4,0.0
332.0,IL,0,2000.0,1083.01,0.0,1,4,2,13,2,91900.0,0.0,0,1,0,4,6,4.0,2,2.0,0.0,0,7,17,1.0
107.0,OH,0,500.0,974.59,0.0,0,3,1,16,5,62800.0,0.0,0,2,1,0,1,3.0,0,1.0,0.0,1,9,35,0.0
217.0,IL,2,2000.0,1399.85,0.0,0,5,7,16,2,49900.0,-19800.0,0,1,1,1,1,3.0,1,0.0,2.0,0,5,16,0.0
243.0,IN,2,500.0,1307.74,0.0,0,0,6,2,3,0.0,-75700.0,0,1,0,0,4,3.0,0,0.0,1.0,1,7,36,0.0
296.0,IN,1,2000.0,1219.27,0.0,1,0,12,13,0,53100.0,-63400.0,0,3,2,0,6,3.0,2,1.0,2.0,1,10,2,0.0
264.0,OH,0,500.0,1411.3,0.0,1,6,9,6,4,55600.0,0.0,2,2,1,3,3,1.0,1,1.0,0.0,0,2,22,1.0
108.0,IL,0,2000.0,694.45,0.0,0,3,1,8,1,0.0,0.0,0,3,0,4,6,3.0,0,0.0,1.0,2,9,29,1.0
32.0,IL,0,500.0,1006.77,6000000.0,0,1,7,17,3,0.0,0.0,0,3,1,4,4,3.0,2,2.0,1.0,2,2,38,0.0
259.0,OH,1,1000.0,1422.36,0.0,0,3,2,12,4,0.0,-83900.0,0,3,1,1,3,3.0,1,1.0,3.0,0,9,35,0.0
186.0,IN,0,1000.0,1348.32,0.0,0,0,2,6,5,37600.0,-37600.0,3,0,3,4,1,1.0,1,2.0,1.0,0,3,25,1.0
201.0,OH,1,2000.0,1315.56,0.0,0,6,13,18,1,0.0,0.0,3,0,1,4,4,1.0,2,0.0,0.0,2,7,17,0.0
436.0,OH,1,2000.0,1407.01,5000000.0,1,6,12,17,2,47400.0,-27600.0,2,2,0,4,6,1.0,0,0.0,2.0,0,2,37,1.0
189.0,OH,1,2000.0,1388.58,0.0,0,4,8,1,3,0.0,-49400.0,0,3,0,4,6,3.0,0,1.0,3.0,2,5,13,0.0
105.0,IL,2,500.0,1310.76,0.0,0,2,0,11,1,0.0,-40900.0,2,1,2,3,5,1.0,2,0.0,1.0,0,0,23,0.0
163.0,IN,0,1000.0,1004.63,6000000.0,1,3,8,10,1,26900.0,0.0,0,2,2,0,4,3.0,2,2.0,0.0,1,11,15,0.0
219.0,OH,0,500.0,1134.91,0.0,0,0,13,9,1,68700.0,0.0,3,0,3,2,4,1.0,0,1.0,0.0,1,12,9,0.0
88.0,IN,1,1000.0,1194.0,0.0,0,3,5,12,0,0.0,0.0,2,2,0,0,4,1.0,2,1.0,2.0,2,5,13,1.0
40.0,IN,2,1000.0,1248.25,4000000.0,0,1,11,10,3,0.0,-33300.0,1,0,1,4,5,1.0,1,0.0,2.0,0,2,0,0.0
284.0,OH,0,500.0,1338.54,-1000000.0,1,0,6,11,5,0.0,0.0,2,3,0,0,0,1.0,2,0.0,1.0,0,3,25,0.0
59.0,IL,1,2000.0,782.23,0.0,1,1,10,9,2,64200.0,-32300.0,0,1,2,0,2,3.0,0,0.0,2.0,1,2,37,0.0
39.0,IL,1,2000.0,1366.9,0.0,0,2,5,14,0,0.0,-15700.0,0,2,0,1,0,3.0,0,1.0,0.0,1,2,38,1.0
147.0,IL,2,1000.0,1275.81,0.0,1,2,11,7,5,0.0,-48300.0,2,3,1,1,1,1.0,2,2.0,2.0,0,8,24,0.0
156.0,IN,1,500.0,1090.65,0.0,1,2,3,9,4,0.0,-51800.0,0,2,1,4,0,4.0,0,1.0,2.0,2,6,10,1.0
123.0,IN,1,500.0,1326.0,0.0,0,0,9,1,5,0.0,-54600.0,2,3,2,1,4,1.0,0,1.0,2.0,1,8,24,0.0
231.0,IL,1,2000.0,972.47,0.0,1,1,10,15,5,0.0,-58100.0,0,1,1,4,3,3.0,2,2.0,2.0,2,1,4,0.0
247.0,IL,0,500.0,806.31,0.0,0,1,5,7,5,0.0,0.0,1,0,3,4,4,1.0,0,2.0,3.0,0,4,30,0.0
194.0,IL,2,500.0,1416.24,0.0,0,4,0,9,1,0.0,0.0,1,0,1,2,6,1.0,2,1.0,0.0,0,9,29,0.0
119.0,IN,1,2000.0,1097.64,0.0,1,2,13,18,2,27100.0,0.0,0,2,0,3,3,2.0,1,1.0,0.0,0,0,33,0.0
259.0,IL,0,500.0,947.75,0.0,0,5,4,0,1,0.0,-39300.0,3,0,3,4,4,1.0,1,1.0,3.0,1,1,5,0.0
107.0,IL,0,2000.0,1018.73,5000000.0,1,0,5,19,3,20000.0,-82700.0,0,3,2,4,1,3.0,2,1.0,2.0,0,6,8,0.0
48.0,IL,0,2000.0,1400.74,0.0,1,1,11,0,2,34000.0,-55600.0,0,2,0,4,0,3.0,2,0.0,2.0,0,7,36,0.0
267.0,IL,1,500.0,1155.53,5000000.0,1,3,13,4,5,0.0,-35200.0,1,0,3,4,1,1.0,0,0.0,2.0,1,5,14,0.0
286.0,IN,1,500.0,1386.93,0.0,1,2,8,3,0,54100.0,-77600.0,0,2,1,3,1,3.0,2,0.0,0.0,1,0,33,0.0
175.0,OH,0,500.0,915.29,0.0,0,3,5,0,5,82400.0,-57100.0,2,1,0,3,1,1.0,0,2.0,1.0,2,6,6,1.0
111.0,IL,1,500.0,1239.55,2000000.0,0,6,4,11,3,0.0,0.0,2,3,0,1,4,1.0,0,1.0,1.0,2,8,24,1.0
151.0,IN,1,500.0,1366.42,0.0,0,0,10,6,4,44000.0,0.0,0,2,2,1,4,3.0,1,1.0,2.0,2,9,26,1.0
156.0,OH,2,1000.0,1086.48,6000000.0,1,0,6,10,4,0.0,-53800.0,0,2,2,3,1,3.0,0,1.0,1.0,2,11,21,0.0
165.0,IL,1,2000.0,1247.87,0.0,1,5,1,9,0,0.0,-39700.0,0,3,2,1,1,3.0,1,2.0,2.0,1,2,0,0.0
253.0,OH,0,2000.0,1312.75,0.0,0,6,11,7,2,81300.0,0.0,0,2,0,3,4,3.0,1,2.0,2.0,2,12,9,1.0
10.0,IN,0,2000.0,765.64,0.0,1,4,11,0,1,0.0,-22200.0,0,1,0,0,4,3.0,0,0.0,3.0,0,6,6,1.0
158.0,OH,0,2000.0,1327.41,0.0,0,0,5,16,2,0.0,-38600.0,2,3,2,3,4,1.0,0,0.0,0.0,0,11,21,0.0
436.0,OH,2,1000.0,1338.55,0.0,1,6,10,2,3,39000.0,0.0,0,3,2,4,6,3.0,0,2.0,2.0,1,12,11,0.0
91.0,IL,1,2000.0,1316.63,8000000.0,0,5,6,9,4,43900.0,0.0,0,3,1,3,4,3.0,2,2.0,0.0,0,2,38,0.0
256.0,IL,2,1000.0,1286.44,0.0,0,4,13,3,5,0.0,-39500.0,2,2,1,4,6,1.0,1,2.0,1.0,0,9,35,0.0
274.0,OH,2,1000.0,1372.18,0.0,1,2,3,3,1,0.0,0.0,0,3,2,3,6,3.0,1,1.0,3.0,0,2,37,0.0
275.0,IN,2,2000.0,1447.77,0.0,0,0,0,4,5,39400.0,-63900.0,0,3,2,0,5,3.0,2,1.0,1.0,0,0,23,0.0
1.0,IL,1,500.0,903.32,0.0,0,2,13,19,1,0.0,0.0,0,2,1,4,1,3.0,0,1.0,0.0,0,12,18,0.0
85.0,IN,2,1000.0,1454.42,0.0,1,0,10,15,2,51600.0,-73900.0,2,3,0,3,1,1.0,2,0.0,1.0,2,11,15,1.0
233.0,IL,0,2000.0,1603.42,0.0,0,2,11,18,5,61600.0,-30200.0,2,1,2,1,1,1.0,2,0.0,2.0,2,12,11,0.0
142.0,IN,1,2000.0,1616.58,0.0,1,3,0,14,0,58500.0,-46800.0,0,2,0,3,4,3.0,2,0.0,3.0,2,4,30,0.0
266.0,IL,1,500.0,1611.83,0.0,1,2,5,12,0,0.0,0.0,2,1,2,4,6,1.0,0,1.0,2.0,2,2,0,0.0
350.0,OH,2,500.0,889.13,0.0,0,5,8,2,2,0.0,0.0,0,2,2,4,3,3.0,1,0.0,2.0,1,1,4,0.0
97.0,IL,1,1000.0,1252.08,0.0,1,1,3,17,1,0.0,0.0,0,2,0,3,5,2.0,2,2.0,2.0,1,6,8,1.0
399.0,IL,2,2000.0,995.56,0.0,1,3,12,17,1,0.0,-65400.0,0,3,2,4,1,3.0,2,1.0,1.0,2,9,29,0.0
305.0,IL,0,2000.0,1347.92,0.0,0,2,4,3,3,0.0,-42100.0,0,1,2,1,1,3.0,2,0.0,2.0,0,13,20,0.0
276.0,IN,0,1000.0,1724.09,0.0,1,6,2,19,3,0.0,0.0,0,2,1,4,1,3.0,2,0.0,0.0,0,3,34,0.0
257.0,IN,1,500.0,1379.93,0.0,1,4,1,0,0,0.0,0.0,0,3,0,3,1,3.0,0,0.0,2.0,2,1,4,1.0
78.0,IN,1,1000.0,1554.64,4000000.0,1,6,10,2,3,0.0,-27900.0,2,1,0,3,6,1.0,1,1.0,0.0,1,6,8,1.0
129.0,OH,2,1000.0,1377.94,0.0,1,5,6,0,1,0.0,0.0,2,3,0,1,1,1.0,0,2.0,3.0,0,12,9,0.0
283.0,IL,2,2000.0,1313.33,0.0,0,6,13,15,0,53500.0,-73600.0,0,1,0,0,1,3.0,0,1.0,3.0,1,9,26,1.0
85.0,IN,1,500.0,1259.02,0.0,0,3,12,0,4,67000.0,-53600.0,1,0,3,2,4,1.0,1,2.0,2.0,0,9,35,0.0
101.0,IL,2,1000.0,1371.88,0.0,0,4,9,15,0,0.0,0.0,1,0,3,2,5,1.0,0,2.0,2.0,0,11,21,0.0
96.0,OH,0,500.0,1399.27,6000000.0,1,1,9,10,5,38900.0,-48700.0,2,3,2,1,0,1.0,0,0.0,0.0,2,5,13,0.0
121.0,IL,2,1000.0,1061.98,6000000.0,0,3,1,4,4,0.0,0.0,2,2,1,4,6,1.0,1,0.0,1.0,2,2,0,0.0
176.0,OH,1,500.0,1365.46,4000000.0,1,1,1,17,4,0.0,-56600.0,0,3,1,1,4,3.0,1,2.0,1.0,1,3,32,0.0
159.0,IL,2,1000.0,894.4,0.0,1,0,12,4,5,0.0,-53700.0,2,2,2,4,1,1.0,2,2.0,0.0,1,4,30,0.0
120.0,IN,1,500.0,956.69,0.0,0,0,8,12,0,39600.0,-64300.0,2,1,1,3,1,1.0,0,1.0,1.0,2,10,1,0.0
212.0,IN,2,2000.0,1123.89,0.0,1,4,8,18,4,35400.0,-49200.0,0,1,2,1,1,3.0,0,1.0,3.0,0,11,15,0.0
290.0,IL,0,500.0,1085.03,0.0,0,3,11,6,5,0.0,-61000.0,0,3,2,4,5,3.0,2,2.0,2.0,1,1,4,1.0
299.0,OH,0,2000.0,1437.33,0.0,0,0,2,12,5,25000.0,0.0,2,2,1,3,4,1.0,2,1.0,3.0,1,2,0,0.0
66.0,IL,1,1000.0,988.29,0.0,1,1,1,16,3,0.0,0.0,2,2,0,4,1,1.0,0,2.0,2.0,2,11,19,1.0
334.0,IL,2,500.0,1238.89,0.0,1,5,10,17,2,0.0,0.0,3,0,1,2,6,1.0,0,0.0,3.0,1,5,16,0.0
216.0,IN,0,1000.0,1384.64,5000000.0,0,0,12,2,4,0.0,0.0,2,2,2,4,5,1.0,0,2.0,3.0,1,7,17,1.0
86.0,IN,0,2000.0,1595.07,0.0,1,6,13,10,4,75800.0,0.0,2,3,1,4,5,1.0,2,0.0,2.0,2,7,36,0.0
429.0,OH,1,1000.0,1127.89,6000000.0,1,0,6,16,3,67400.0,-43800.0,2,2,1,0,6,1.0,2,2.0,0.0,2,11,15,0.0
257.0,IN,2,2000.0,929.7,6000000.0,0,6,5,0,0,46400.0,-74300.0,2,1,2,3,5,1.0,0,2.0,2.0,2,8,12,0.0
15.0,IL,0,1000.0,1829.63,0.0,1,3,12,6,1,56700.0,0.0,0,3,2,3,4,3.0,2,1.0,0.0,0,1,5,0.0
230.0,IL,0,1000.0,904.7,7000000.0,0,4,2,3,4,68600.0,-22300.0,2,1,0,1,4,1.0,0,1.0,3.0,1,0,33,1.0
250.0,OH,2,1000.0,1243.84,0.0,0,3,12,14,3,47900.0,-73400.0,2,3,1,3,5,1.0,2,1.0,3.0,1,13,20,0.0
270.0,IL,2,2000.0,1030.95,0.0,0,0,6,13,2,47200.0,0.0,0,2,0,0,0,3.0,0,1.0,0.0,1,1,4,1.0
65.0,IN,0,500.0,1285.03,3000000.0,0,2,2,4,4,0.0,-41500.0,2,2,1,1,5,1.0,1,1.0,3.0,0,6,8,0.0
475.0,OH,0,500.0,1216.56,0.0,1,5,0,16,3,67400.0,-83200.0,2,1,1,4,4,1.0,0,0.0,2.0,1,11,15,0.0
77.0,IN,2,2000.0,966.26,0.0,0,2,0,0,3,56400.0,-32800.0,0,1,1,0,1,3.0,2,0.0,0.0,0,13,28,0.0
256.0,OH,0,500.0,1203.17,0.0,0,4,9,9,4,56700.0,-65600.0,2,2,2,1,6,1.0,1,0.0,0.0,0,9,35,0.0
229.0,IL,1,2000.0,1212.12,0.0,0,4,2,13,1,65600.0,0.0,0,3,0,3,6,3.0,2,1.0,1.0,2,5,16,0.0
110.0,OH,1,1000.0,1573.93,0.0,1,1,7,12,2,30400.0,0.0,0,3,1,4,1,3.0,2,0.0,2.0,0,11,19,0.0
177.0,IL,0,1000.0,1609.67,0.0,1,1,0,19,5,0.0,-13200.0,2,3,0,0,4,1.0,0,1.0,3.0,0,7,17,1.0
292.0,OH,2,500.0,1097.57,0.0,1,6,8,1,4,0.0,0.0,2,3,2,3,4,1.0,1,1.0,0.0,2,10,2,0.0
451.0,IN,1,2000.0,1618.65,2000000.0,0,0,13,14,4,0.0,-42600.0,0,2,0,0,2,3.0,2,2.0,1.0,2,3,34,1.0
61.0,IN,0,500.0,922.67,0.0,0,1,8,13,2,47400.0,0.0,0,2,0,0,4,3.0,2,2.0,1.0,0,12,18,1.0
150.0,IN,0,1000.0,1342.02,0.0,1,4,9,14,3,0.0,0.0,1,0,3,2,5,1.0,2,0.0,2.0,1,10,2,0.0
283.0,OH,0,500.0,1195.01,0.0,0,0,11,15,3,60700.0,-54300.0,0,3,0,3,6,3.0,1,0.0,2.0,0,8,24,1.0
291.0,OH,2,1000.0,994.74,0.0,0,2,0,14,3,0.0,-55300.0,1,0,1,4,4,1.0,1,2.0,2.0,2,13,28,1.0
162.0,IN,0,1000.0,1050.24,0.0,0,5,0,5,5,30700.0,0.0,1,0,1,2,0,1.0,0,0.0,0.0,1,2,37,1.0
154.0,IL,1,2000.0,1313.51,7000000.0,0,5,3,7,3,68500.0,0.0,3,0,3,2,4,1.0,0,2.0,0.0,0,13,28,0.0
289.0,OH,2,2000.0,1102.29,0.0,0,0,0,10,3,73000.0,-37900.0,2,1,1,0,5,1.0,1,1.0,0.0,2,12,18,0.0
10.0,IN,1,1000.0,1185.78,0.0,0,3,2,19,5,0.0,-60700.0,2,3,1,4,0,1.0,0,0.0,2.0,0,0,33,1.0
309.0,IL,2,500.0,1527.95,0.0,1,6,3,10,2,69400.0,0.0,0,2,0,3,6,4.0,2,0.0,1.0,0,4,30,0.0
396.0,IN,0,1000.0,1366.39,0.0,1,2,10,8,2,0.0,-22400.0,0,1,0,3,0,3.0,2,2.0,1.0,1,10,2,0.0
273.0,OH,2,1000.0,1403.9,0.0,0,6,4,7,3,0.0,0.0,0,3,2,4,5,2.0,0,1.0,2.0,2,6,6,0.0
129.0,IL,2,2000.0,927.23,0.0,0,6,11,18,0,51500.0,0.0,2,1,2,3,4,1.0,1,1.0,3.0,0,11,15,0.0
140.0,OH,1,2000.0,1554.86,6000000.0,0,3,1,0,5,59000.0,0.0,1,0,1,2,6,1.0,2,1.0,2.0,0,6,10,1.0
419.0,IL,2,2000.0,736.07,6000000.0,1,1,13,5,4,45700.0,0.0,0,3,1,4,4,4.0,0,0.0,0.0,2,11,15,0.0
315.0,IL,1,1000.0,974.16,6000000.0,0,5,11,15,2,0.0,-56800.0,0,1,2,3,1,3.0,0,1.0,0.0,2,13,20,0.0
72.0,OH,2,500.0,973.8,0.0,0,0,2,8,3,0.0,-85900.0,2,2,0,0,6,1.0,0,1.0,0.0,1,4,27,0.0
32.0,OH,0,2000.0,1260.32,6000000.0,1,3,7,14,1,0.0,-79800.0,2,3,2,1,5,1.0,0,1.0,2.0,0,12,11,0.0
230.0,IN,0,1000.0,1464.03,0.0,1,3,13,17,3,0.0,0.0,0,3,1,0,1,3.0,0,2.0,0.0,0,1,4,0.0
157.0,OH,0,2000.0,617.11,0.0,1,1,7,15,2,0.0,-54100.0,0,1,0,3,5,3.0,0,1.0,2.0,1,8,12,1.0
265.0,IN,1,2000.0,1724.46,6000000.0,0,0,2,17,3,81800.0,0.0,0,3,2,4,4,3.0,0,1.0,3.0,0,1,5,0.0
47.0,IL,2,500.0,1161.31,0.0,0,6,3,0,2,64800.0,-24300.0,2,1,1,4,4,1.0,2,1.0,3.0,0,3,25,0.0
113.0,OH,1,2000.0,1091.73,0.0,1,6,3,9,1,36100.0,-42300.0,0,2,1,3,1,3.0,0,0.0,2.0,2,9,35,1.0
289.0,IL,1,2000.0,1209.07,0.0,1,3,1,5,4,0.0,0.0,2,2,1,0,0,1.0,2,0.0,1.0,2,2,0,1.0
254.0,IL,1,2000.0,1241.04,0.0,0,5,10,2,3,0.0,0.0,2,1,1,4,1,1.0,1,2.0,2.0,2,1,5,0.0
115.0,OH,2,500.0,1757.21,0.0,1,2,9,0,5,46400.0,0.0,0,1,1,1,1,3.0,1,1.0,0.0,2,5,14,0.0
236.0,OH,1,1000.0,802.24,0.0,0,1,7,13,1,0.0,-62500.0,2,3,0,0,6,1.0,1,0.0,1.0,0,8,12,0.0
7.0,IN,2,1000.0,1342.72,0.0,1,0,6,4,5,0.0,-45300.0,2,1,2,3,1,1.0,0,1.0,2.0,0,6,6,0.0
208.0,OH,0,2000.0,1209.41,5000000.0,1,3,6,0,5,0.0,0.0,0,3,2,3,1,3.0,2,0.0,1.0,0,9,35,0.0
126.0,OH,2,1000.0,1141.71,2000000.0,0,3,8,17,3,36700.0,-73400.0,2,1,0,0,6,1.0,2,1.0,2.0,0,11,21,0.0
48.0,IL,0,500.0,1090.03,0.0,0,3,3,9,4,0.0,-51000.0,2,2,0,0,6,1.0,2,0.0,2.0,1,10,1,0.0
297.0,IN,1,1000.0,1464.73,3000000.0,1,6,3,9,2,54900.0,-36700.0,0,3,2,1,1,3.0,0,0.0,0.0,1,12,18,0.0
160.0,OH,0,1000.0,1118.58,0.0,0,2,9,2,0,0.0,-36600.0,0,2,2,1,1,3.0,1,2.0,1.0,1,10,3,0.0
406.0,OH,1,2000.0,1117.04,0.0,1,4,3,18,3,0.0,-42700.0,0,1,2,3,6,3.0,0,1.0,2.0,0,13,20,0.0
157.0,IN,2,500.0,1257.83,7000000.0,1,2,4,15,3,40700.0,-41600.0,0,2,0,3,2,4.0,1,2.0,2.0,1,0,33,1.0
146.0,OH,1,2000.0,1082.72,0.0,0,6,6,18,1,61400.0,-57500.0,3,0,1,2,4,1.0,2,2.0,0.0,1,0,23,0.0
409.0,IN,0,1000.0,1191.8,6000000.0,1,2,10,8,4,55600.0,0.0,2,3,0,3,1,1.0,1,1.0,0.0,0,5,16,0.0
252.0,IN,0,1000.0,1242.02,0.0,1,5,0,7,5,0.0,-28800.0,2,1,1,1,5,1.0,2,0.0,2.0,2,7,17,0.0
6.0,OH,1,500.0,1075.71,0.0,0,2,9,7,4,0.0,-47400.0,3,0,3,4,6,1.0,0,0.0,1.0,2,10,3,0.0
103.0,IN,0,1000.0,969.88,6000000.0,1,4,1,8,3,0.0,0.0,2,2,1,0,1,1.0,1,1.0,0.0,2,3,25,0.0
369.0,OH,1,2000.0,1459.93,0.0,0,5,8,18,1,0.0,0.0,0,1,2,4,6,2.0,2,1.0,3.0,1,7,36,0.0
261.0,IL,2,1000.0,1245.61,0.0,1,4,13,0,3,0.0,0.0,2,1,2,1,1,1.0,2,1.0,0.0,0,5,13,0.0
159.0,IN,0,2000.0,1462.76,0.0,0,1,2,16,0,69200.0,-36900.0,0,2,0,0,1,3.0,2,2.0,0.0,1,8,7,1.0
344.0,IN,0,2000.0,1398.46,0.0,1,0,11,16,2,0.0,0.0,2,3,1,0,0,1.0,0,0.0,2.0,1,1,5,0.0
437.0,OH,2,1000.0,1269.64,0.0,0,1,1,6,4,48800.0,0.0,2,1,1,3,4,1.0,1,1.0,3.0,1,3,32,1.0
65.0,IN,0,500.0,1455.65,4000000.0,0,1,13,16,5,0.0,-66300.0,0,3,2,1,6,3.0,0,2.0,3.0,1,6,10,0.0
280.0,OH,2,2000.0,1140.31,0.0,1,4,0,8,0,29300.0,-64700.0,0,2,1,4,6,3.0,0,0.0,3.0,2,12,11,0.0
269.0,IN,2,500.0,1330.46,0.0,0,2,6,17,5,54800.0,-64100.0,0,3,2,4,5,3.0,0,0.0,0.0,1,11,15,0.0
275.0,OH,1,2000.0,1190.6,0.0,1,5,3,4,4,0.0,-45300.0,2,2,1,1,2,1.0,0,1.0,3.0,2,3,32,0.0
265.0,OH,1,500.0,972.5,0.0,0,1,3,6,4,0.0,0.0,3,0,3,2,0,1.0,1,2.0,3.0,1,5,13,0.0
283.0,IN,0,2000.0,1161.91,0.0,0,0,0,14,1,0.0,-50400.0,1,0,1,2,6,1.0,0,0.0,3.0,1,2,22,0.0
84.0,OH,1,1000.0,1117.17,0.0,0,2,6,18,1,0.0,-29900.0,1,0,3,4,4,1.0,2,2.0,0.0,2,2,0,0.0
247.0,OH,1,2000.0,1101.51,0.0,0,1,4,4,1,64000.0,0.0,0,1,1,1,1,3.0,1,2.0,2.0,1,3,34,0.0
56.0,IL,0,1000.0,1523.17,0.0,1,5,9,12,3,0.0,0.0,0,1,0,1,3,3.0,0,1.0,2.0,2,7,17,0.0
210.0,OH,2,1000.0,984.45,0.0,1,0,1,13,4,0.0,0.0,3,0,1,2,0,1.0,2,1.0,2.0,0,4,30,0.0
108.0,OH,2,2000.0,1257.0,4000000.0,0,2,6,1,4,63900.0,-43700.0,2,1,2,3,6,1.0,1,1.0,3.0,1,11,21,0.0
328.0,OH,2,500.0,1434.51,0.0,0,5,13,3,5,0.0,0.0,2,2,2,4,1,1.0,0,0.0,2.0,2,8,24,0.0
186.0,OH,1,2000.0,1628.0,0.0,0,3,8,8,4,0.0,0.0,2,2,2,0,1,1.0,2,1.0,2.0,2,7,17,0.0
277.0,IN,2,500.0,1412.31,0.0,1,2,8,2,4,0.0,0.0,3,0,3,4,0,1.0,1,1.0,3.0,1,7,36,0.0
138.0,IL,1,500.0,1362.87,5000000.0,0,3,3,13,3,56900.0,-56900.0,2,3,1,3,1,1.0,1,2.0,0.0,0,2,37,0.0
208.0,IN,0,1000.0,1134.68,0.0,0,1,12,5,0,0.0,0.0,2,2,0,0,4,1.0,1,2.0,2.0,0,13,20,0.0
147.0,IN,1,1000.0,1306.78,0.0,1,4,9,18,2,0.0,0.0,2,1,2,0,4,1.0,0,1.0,0.0,1,12,9,0.0
8.0,IN,2,500.0,1021.9,0.0,1,2,5,10,0,0.0,0.0,2,1,0,3,6,1.0,0,0.0,0.0,0,12,11,0.0
297.0,IN,0,1000.0,1538.6,0.0,0,4,7,11,5,0.0,-54700.0,2,3,1,1,4,1.0,0,0.0,0.0,0,5,16,0.0
150.0,IN,2,1000.0,1354.5,0.0,1,5,6,0,0,52800.0,0.0,0,1,0,0,1,3.0,0,0.0,3.0,2,11,15,1.0
4.0,OH,2,500.0,1282.93,0.0,0,1,3,1,2,0.0,0.0,0,3,0,4,6,4.0,0,0.0,0.0,0,3,32,1.0
210.0,IL,2,1000.0,1346.27,0.0,1,5,4,6,1,44900.0,-91400.0,2,1,2,0,6,1.0,1,0.0,2.0,0,2,37,0.0
91.0,IN,0,1000.0,1338.4,4000000.0,0,2,8,14,3,63600.0,0.0,2,3,1,4,0,1.0,0,1.0,0.0,1,9,26,0.0
167.0,IL,0,1000.0,949.44,0.0,0,5,3,4,2,0.0,-38400.0,0,2,0,0,0,3.0,0,0.0,0.0,1,8,24,1.0
467.0,IN,2,2000.0,977.4,0.0,1,5,13,3,3,82200.0,0.0,2,1,2,1,1,1.0,2,2.0,3.0,1,9,26,0.0
264.0,IN,1,2000.0,1181.46,10000000.0,0,3,13,17,2,0.0,-67400.0,0,1,2,0,2,4.0,2,1.0,2.0,2,4,27,0.0
270.0,OH,2,500.0,1187.53,0.0,0,6,8,19,1,83200.0,-53300.0,0,3,2,3,5,3.0,0,0.0,0.0,2,10,1,0.0
310.0,OH,0,1000.0,845.16,0.0,0,5,8,0,2,0.0,0.0,2,1,0,4,0,1.0,2,1.0,0.0,1,1,5,1.0
143.0,IL,0,500.0,1442.27,0.0,1,1,8,8,5,67900.0,0.0,2,1,1,3,1,1.0,0,2.0,3.0,2,4,30,0.0
146.0,OH,0,2000.0,1276.43,0.0,1,0,8,16,3,0.0,0.0,2,2,0,1,0,1.0,0,0.0,3.0,0,6,8,0.0
102.0,OH,1,500.0,1075.41,0.0,1,4,6,15,5,55200.0,0.0,2,3,2,4,3,1.0,1,1.0,0.0,1,4,27,0.0
61.0,IL,0,500.0,1111.72,0.0,1,3,3,3,2,54600.0,0.0,2,3,0,1,3,1.0,0,1.0,2.0,0,11,21,0.0
255.0,OH,2,2000.0,814.96,6000000.0,0,6,8,5,1,68500.0,0.0,1,0,3,4,0,1.0,0,2.0,2.0,1,8,24,1.0
211.0,IL,2,1000.0,1575.86,0.0,0,6,7,17,3,0.0,0.0,3,0,3,4,6,1.0,1,1.0,1.0,1,1,5,0.0
61.0,IN,1,1000.0,1115.27,0.0,1,3,5,14,4,0.0,-66000.0,1,0,3,2,5,1.0,2,2.0,1.0,2,9,29,0.0
108.0,IN,2,2000.0,1175.7,0.0,1,5,10,19,1,0.0,0.0,2,2,2,1,1,1.0,1,0.0,2.0,1,4,27,0.0
303.0,OH,0,500.0,793.15,0.0,1,4,12,2,3,54600.0,-45500.0,0,1,2,3,6,3.0,1,0.0,3.0,1,4,27,0.0
152.0,IN,1,500.0,942.51,0.0,0,6,13,8,5,0.0,0.0,2,3,0,1,4,1.0,2,0.0,0.0,0,11,21,1.0
120.0,IN,2,1000.0,1056.71,0.0,0,3,10,13,1,77900.0,0.0,1,0,1,2,5,1.0,1,2.0,1.0,0,7,17,0.0
144.0,IN,2,2000.0,1255.68,6000000.0,0,0,11,15,2,23600.0,-15600.0,1,0,1,2,0,1.0,1,0.0,0.0,0,4,27,0.0
414.0,IN,2,500.0,1335.13,0.0,0,2,4,5,4,44000.0,-71000.0,2,2,2,4,4,1.0,2,1.0,1.0,0,3,32,1.0
163.0,IN,1,500.0,1178.95,6000000.0,0,3,8,7,3,0.0,-67300.0,2,2,2,1,1,1.0,2,2.0,3.0,2,7,36,0.0
352.0,IL,1,500.0,1793.16,0.0,1,0,12,8,5,0.0,0.0,2,1,1,1,0,1.0,2,2.0,2.0,1,3,25,0.0
27.0,OH,0,500.0,1008.38,0.0,0,6,0,19,2,37900.0,0.0,2,1,2,0,4,1.0,1,1.0,0.0,0,4,27,0.0
239.0,IL,0,500.0,1396.83,0.0,0,5,7,15,0,0.0,0.0,0,2,0,0,6,4.0,0,0.0,3.0,1,2,38,0.0
33.0,OH,0,500.0,1402.78,5000000.0,0,6,7,0,0,70300.0,-50300.0,2,2,1,0,1,1.0,2,0.0,1.0,0,12,9,0.0
88.0,IN,0,1000.0,1437.88,0.0,0,1,13,15,0,42800.0,-51200.0,2,3,2,1,4,1.0,1,2.0,0.0,2,3,25,0.0
101.0,IL,2,1000.0,1313.64,0.0,0,1,8,2,4,12100.0,0.0,1,0,3,2,1,1.0,2,1.0,0.0,1,1,4,0.0
20.0,IL,1,500.0,1482.14,0.0,0,0,13,15,0,33000.0,-43600.0,0,2,2,3,1,3.0,0,2.0,1.0,1,11,15,0.0
126.0,IL,1,2000.0,1171.75,0.0,0,0,6,2,1,46500.0,-42700.0,2,3,1,3,1,1.0,0,2.0,3.0,1,3,25,0.0
264.0,IL,2,2000.0,1353.33,0.0,1,0,0,18,1,0.0,-8500.0,0,1,1,4,6,3.0,2,2.0,0.0,1,5,13,0.0
78.0,IN,0,500.0,1175.51,0.0,1,5,2,19,0,0.0,0.0,3,0,1,4,1,1.0,0,0.0,1.0,2,4,27,0.0
123.0,IL,0,2000.0,1836.02,0.0,1,5,13,12,3,38000.0,-41200.0,2,3,0,0,0,1.0,0,2.0,1.0,2,13,28,1.0
347.0,OH,2,500.0,1480.79,9000000.0,0,4,8,2,4,0.0,-12100.0,2,3,2,3,0,1.0,2,0.0,2.0,0,7,36,0.0
163.0,IN,2,2000.0,1453.92,0.0,0,6,7,19,2,51700.0,0.0,2,3,1,0,1,1.0,2,2.0,3.0,0,0,23,0.0
271.0,OH,1,500.0,1340.71,0.0,0,2,12,0,2,0.0,0.0,2,2,1,3,4,1.0,1,2.0,2.0,1,13,28,1.0
410.0,IL,0,2000.0,714.03,0.0,1,4,10,2,3,0.0,-17000.0,2,3,1,0,6,1.0,2,0.0,2.0,1,6,6,0.0
448.0,IL,0,2000.0,1376.16,0.0,0,6,12,10,3,38600.0,-50300.0,0,1,0,4,4,3.0,1,2.0,1.0,0,11,19,1.0
218.0,IL,0,500.0,914.22,0.0,1,3,9,9,5,37900.0,-72900.0,0,3,2,4,1,3.0,1,2.0,0.0,1,10,2,0.0
43.0,OH,2,1000.0,1601.47,0.0,1,6,5,16,2,64400.0,0.0,0,1,2,3,4,3.0,2,2.0,2.0,0,9,35,0.0
33.0,IL,2,1000.0,1096.79,6000000.0,0,0,5,7,4,45500.0,-60600.0,2,2,0,4,5,1.0,0,2.0,1.0,0,2,22,0.0
126.0,IN,0,2000.0,1078.22,0.0,0,5,13,4,5,54500.0,0.0,0,3,0,1,4,3.0,1,0.0,1.0,2,3,34,0.0
411.0,IL,1,1000.0,1595.28,0.0,0,1,10,8,2,0.0,0.0,0,3,0,0,5,3.0,0,0.0,0.0,0,13,28,0.0
225.0,OH,0,1000.0,1217.84,5000000.0,0,2,4,19,1,49600.0,0.0,0,1,1,1,6,3.0,0,2.0,2.0,1,13,28,0.0
35.0,IL,0,2000.0,1117.42,0.0,0,6,10,11,1,0.0,-51900.0,0,3,1,1,0,3.0,1,2.0,2.0,1,13,20,0.0
460.0,OH,0,2000.0,1567.37,0.0,0,3,2,16,0,62500.0,0.0,2,1,0,3,1,1.0,0,2.0,3.0,1,9,26,1.0
195.0,IL,2,2000.0,1294.93,6000000.0,1,4,12,18,4,38000.0,-50300.0,0,1,1,0,6,3.0,2,1.0,2.0,1,4,27,0.0
360.0,IL,1,1000.0,1152.12,0.0,1,6,1,10,1,0.0,-62400.0,0,3,2,0,6,3.0,1,2.0,0.0,2,2,38,0.0
300.0,IL,0,1000.0,1441.21,0.0,0,6,4,11,5,0.0,0.0,3,0,3,2,4,1.0,1,1.0,0.0,1,9,26,0.0
245.0,IL,2,1000.0,1575.74,7000000.0,1,3,3,5,2,0.0,-68900.0,1,0,1,4,3,1.0,0,2.0,2.0,0,12,9,1.0
146.0,OH,2,2000.0,1233.96,0.0,0,5,7,9,2,34500.0,-60600.0,0,3,2,4,0,3.0,1,1.0,1.0,1,9,35,0.0
67.0,IL,1,1000.0,1861.43,0.0,1,2,0,14,0,60400.0,-67800.0,2,2,0,3,4,1.0,1,0.0,3.0,2,10,1,1.0
380.0,OH,0,1000.0,1570.86,0.0,1,4,4,6,2,66000.0,0.0,2,3,2,4,5,1.0,0,0.0,1.0,2,10,3,1.0
389.0,IL,2,2000.0,791.47,0.0,1,5,1,5,4,0.0,0.0,3,0,1,4,0,1.0,1,1.0,2.0,1,8,7,1.0
317.0,IN,1,1000.0,1012.78,0.0,1,4,11,19,2,43700.0,0.0,2,1,0,1,6,1.0,1,2.0,1.0,1,8,24,1.0
264.0,IL,0,500.0,1047.06,6000000.0,1,1,3,17,5,0.0,0.0,0,2,0,1,4,3.0,1,0.0,2.0,1,5,16,0.0
20.0,OH,1,1000.0,1390.29,0.0,0,5,8,14,2,0.0,-41200.0,2,2,1,1,3,1.0,1,0.0,0.0,0,0,23,0.0
116.0,IN,2,500.0,951.46,0.0,1,3,5,9,1,0.0,-35500.0,0,1,0,3,6,3.0,1,0.0,3.0,0,13,28,1.0
222.0,IL,0,1000.0,1226.78,0.0,1,3,1,4,4,49600.0,-49200.0,0,2,1,3,1,2.0,2,2.0,0.0,0,2,0,0.0
439.0,OH,0,500.0,1280.9,0.0,1,2,1,18,3,48900.0,-40900.0,2,2,1,0,0,1.0,1,2.0,0.0,0,7,36,0.0
66.0,IN,0,2000.0,1472.77,0.0,1,0,0,8,0,0.0,-31700.0,2,1,2,3,1,1.0,0,2.0,1.0,0,9,26,0.0
128.0,OH,2,1000.0,1878.44,0.0,1,2,7,9,0,0.0,-76000.0,2,2,2,1,5,1.0,1,0.0,0.0,0,3,25,0.0
69.0,IN,2,500.0,1418.5,0.0,0,2,1,19,2,0.0,0.0,0,2,1,4,1,3.0,0,0.0,0.0,1,4,30,0.0
294.0,IL,0,500.0,1532.8,0.0,1,1,9,8,3,0.0,0.0,2,3,2,3,4,1.0,1,0.0,3.0,2,8,24,0.0
19.0,OH,1,500.0,1304.35,0.0,1,3,13,6,1,0.0,0.0,0,1,2,0,1,3.0,1,0.0,2.0,0,4,27,1.0
191.0,OH,2,2000.0,1551.61,0.0,1,2,1,12,4,45000.0,-30400.0,3,0,1,2,6,1.0,2,1.0,1.0,1,12,11,0.0
4.0,IL,0,1000.0,1326.98,6000000.0,0,2,6,15,4,64200.0,0.0,0,1,1,0,5,3.0,2,1.0,3.0,0,7,17,0.0
298.0,OH,1,500.0,862.92,0.0,1,4,6,4,5,0.0,-71700.0,0,3,0,3,1,3.0,1,0.0,2.0,1,10,3,0.0
231.0,IN,0,2000.0,1331.69,0.0,0,5,0,15,1,0.0,0.0,2,2,1,4,1,1.0,0,1.0,2.0,1,3,25,0.0
338.0,OH,1,2000.0,1486.04,0.0,0,0,1,2,3,0.0,-56200.0,0,2,0,3,2,3.0,1,2.0,3.0,0,4,30,1.0
261.0,IN,0,1000.0,870.55,0.0,1,6,9,4,4,0.0,-49400.0,2,2,1,3,4,1.0,0,0.0,3.0,0,3,34,0.0
321.0,IL,2,2000.0,1344.56,6000000.0,1,0,6,10,0,0.0,-39100.0,3,0,3,4,1,1.0,0,1.0,2.0,1,0,23,0.0
0.0,OH,2,1000.0,1377.04,0.0,1,1,12,0,5,61400.0,-41100.0,0,2,1,0,1,4.0,0,1.0,1.0,1,0,23,0.0
405.0,IL,1,500.0,1237.88,0.0,1,4,3,8,1,0.0,-46900.0,2,1,0,4,1,1.0,0,0.0,0.0,0,8,24,1.0
304.0,IN,0,1000.0,1525.86,0.0,0,6,2,4,3,0.0,0.0,2,3,1,3,0,1.0,2,1.0,1.0,2,10,3,0.0
1.0,OH,2,500.0,854.58,0.0,0,3,2,13,2,52200.0,0.0,2,3,1,4,4,1.0,0,2.0,3.0,2,6,8,0.0
26.0,IN,1,1000.0,770.76,0.0,1,5,12,17,0,0.0,-53700.0,2,3,0,4,6,1.0,1,0.0,2.0,0,8,24,0.0
202.0,IL,0,2000.0,1132.74,0.0,0,0,1,8,0,0.0,-37500.0,2,3,0,3,6,1.0,2,1.0,1.0,1,9,35,0.0
289.0,IL,2,500.0,1173.37,8000000.0,0,6,5,2,3,0.0,-42700.0,2,1,2,3,4,1.0,0,1.0,0.0,0,0,33,0.0
61.0,OH,0,2000.0,1188.28,6000000.0,0,3,4,16,5,0.0,-53800.0,0,2,0,1,5,2.0,2,1.0,0.0,1,5,14,1.0
334.0,IL,0,1000.0,876.88,6000000.0,1,4,11,15,2,0.0,0.0,2,2,1,4,6,1.0,1,2.0,1.0,1,7,17,0.0
12.0,IL,2,1000.0,1143.95,0.0,0,6,12,13,2,51400.0,0.0,0,2,1,4,1,3.0,1,2.0,1.0,0,9,35,0.0
86.0,IL,0,2000.0,1409.06,0.0,1,2,9,19,0,74200.0,-68100.0,2,1,1,4,1,1.0,1,2.0,2.0,2,0,23,0.0
83.0,IN,2,1000.0,1070.63,0.0,0,2,6,2,4,0.0,0.0,0,1,2,1,1,3.0,0,0.0,1.0,1,6,8,0.0
126.0,IL,2,2000.0,916.13,0.0,1,1,11,9,4,55300.0,-58400.0,0,2,2,4,1,3.0,2,2.0,0.0,1,8,12,0.0
209.0,OH,1,500.0,1191.5,0.0,1,2,8,15,0,38600.0,-52900.0,2,2,2,4,6,1.0,1,2.0,0.0,0,1,4,0.0
283.0,OH,2,1000.0,1474.66,0.0,0,3,11,13,0,0.0,-46200.0,1,0,3,4,1,1.0,0,2.0,3.0,1,13,20,0.0
194.0,IL,1,1000.0,1193.45,0.0,1,3,7,10,1,0.0,0.0,2,2,2,0,6,1.0,0,2.0,1.0,2,9,29,0.0
184.0,IL,1,1000.0,1437.53,0.0,0,1,13,5,1,0.0,0.0,0,3,1,0,3,3.0,0,0.0,2.0,1,4,30,1.0
479.0,IL,0,2000.0,1304.83,0.0,0,1,7,6,0,0.0,0.0,2,2,2,0,1,1.0,1,0.0,0.0,1,6,10,0.0
284.0,OH,1,1000.0,1168.8,0.0,0,3,12,12,2,0.0,-42400.0,2,3,2,3,1,1.0,0,0.0,3.0,2,8,12,0.0
65.0,IN,0,1000.0,1164.97,0.0,0,1,0,8,5,43000.0,-42500.0,2,1,2,0,6,1.0,0,1.0,2.0,2,3,32,0.0
222.0,IL,1,1000.0,1232.72,0.0,1,2,1,10,3,87800.0,-51200.0,0,1,0,1,4,3.0,0,1.0,0.0,1,7,36,1.0
196.0,IL,1,2000.0,1800.76,0.0,1,3,10,4,2,0.0,-78600.0,0,2,1,0,4,3.0,1,1.0,0.0,1,7,17,0.0
253.0,IL,2,500.0,1187.01,7000000.0,0,0,12,8,4,46300.0,-33000.0,3,0,3,4,1,1.0,1,0.0,1.0,0,3,34,0.0
280.0,IN,0,1000.0,1559.34,0.0,1,3,13,10,3,0.0,-51600.0,2,1,2,1,1,1.0,1,0.0,2.0,0,0,31,0.0
5.0,IL,1,2000.0,1137.02,0.0,0,6,4,16,1,31500.0,0.0,2,2,2,0,6,1.0,2,1.0,3.0,0,1,5,0.0
220.0,IN,0,1000.0,1281.72,0.0,1,1,4,10,2,33500.0,-49500.0,0,2,1,1,4,4.0,1,0.0,2.0,2,6,10,0.0
85.0,OH,0,1000.0,796.35,0.0,0,4,2,18,3,72400.0,-77000.0,0,2,2,1,4,3.0,2,2.0,1.0,2,5,14,0.0
266.0,OH,1,500.0,1270.02,0.0,0,0,12,16,3,0.0,-45800.0,1,0,1,4,0,1.0,1,1.0,2.0,0,12,11,0.0
41.0,IL,0,1000.0,1383.13,0.0,0,3,9,8,3,46700.0,0.0,3,0,3,4,4,1.0,2,1.0,1.0,0,7,17,0.0
316.0,IL,0,2000.0,1290.74,5000000.0,0,2,9,11,0,58300.0,0.0,0,3,0,0,5,3.0,1,2.0,0.0,2,11,21,0.0
285.0,IN,0,1000.0,1216.68,0.0,0,5,11,1,2,55100.0,0.0,3,0,3,4,4,1.0,1,1.0,1.0,1,5,14,0.0
379.0,IL,0,500.0,1251.16,0.0,0,0,6,11,1,41400.0,0.0,2,1,2,0,6,1.0,0,0.0,1.0,1,7,17,0.0
15.0,IN,1,2000.0,1586.41,0.0,0,2,11,18,2,33500.0,-58900.0,2,1,0,4,6,1.0,2,1.0,3.0,0,2,37,1.0
354.0,IL,2,2000.0,1526.11,5000000.0,0,5,11,8,4,0.0,0.0,2,1,1,4,4,1.0,0,2.0,3.0,2,3,25,0.0
342.0,IN,0,1000.0,1028.44,0.0,0,1,9,7,1,0.0,0.0,2,1,0,0,4,1.0,0,0.0,0.0,1,0,23,0.0
169.0,IL,0,1000.0,1555.94,0.0,1,6,2,16,3,23300.0,0.0,0,1,2,3,5,3.0,1,1.0,3.0,2,8,7,0.0
339.0,IN,2,2000.0,1570.77,0.0,1,3,0,13,1,98800.0,-65300.0,3,0,1,2,4,1.0,1,0.0,3.0,1,8,24,0.0
259.0,OH,0,2000.0,1170.53,0.0,0,6,1,17,5,65000.0,-49200.0,0,2,2,1,6,3.0,1,1.0,2.0,2,9,29,0.0
65.0,OH,1,1000.0,1099.95,0.0,0,1,11,7,5,0.0,-71900.0,2,3,0,3,1,1.0,1,1.0,0.0,2,0,23,1.0
254.0,IL,1,2000.0,1472.43,0.0,1,4,12,1,0,0.0,-90600.0,0,1,0,0,6,3.0,0,1.0,3.0,2,13,20,0.0
440.0,IL,1,500.0,1275.62,0.0,0,0,8,15,2,0.0,-56200.0,0,3,1,4,1,3.0,2,2.0,1.0,1,9,35,0.0
478.0,IL,1,1000.0,1292.3,0.0,1,2,0,13,3,47600.0,0.0,1,0,1,2,5,1.0,2,1.0,3.0,1,4,27,1.0
230.0,IN,1,2000.0,1009.37,0.0,0,1,9,10,2,45400.0,-39400.0,2,1,2,1,4,1.0,1,0.0,2.0,2,2,37,0.0
138.0,OH,2,500.0,1093.07,4000000.0,0,6,7,15,5,27700.0,-72400.0,2,1,0,3,5,1.0,0,2.0,2.0,1,13,20,0.0
239.0,OH,1,1000.0,1325.44,7000000.0,0,3,4,13,2,51400.0,-6300.0,1,0,3,4,0,1.0,0,0.0,2.0,2,8,12,0.0
93.0,IL,0,2000.0,1017.18,0.0,0,4,9,13,0,0.0,0.0,0,2,0,4,0,3.0,2,1.0,3.0,1,10,1,0.0
37.0,OH,0,1000.0,1221.17,0.0,0,5,10,9,1,49300.0,0.0,0,2,1,0,4,3.0,2,0.0,0.0,2,11,19,0.0
254.0,IN,0,500.0,1927.87,0.0,1,4,9,19,0,0.0,0.0,2,1,1,1,5,1.0,2,0.0,1.0,0,6,10,1.0
131.0,IN,1,1000.0,978.27,0.0,0,0,11,13,3,65700.0,0.0,2,1,0,1,4,1.0,0,1.0,3.0,1,11,15,0.0
230.0,IN,0,2000.0,1221.14,0.0,1,4,9,2,5,48100.0,0.0,2,3,2,0,5,1.0,0,0.0,2.0,0,1,5,0.0
313.0,OH,0,2000.0,1255.62,0.0,1,4,1,14,4,0.0,0.0,0,3,0,3,2,3.0,2,2.0,1.0,2,5,14,1.0
,,3,,,,2,7,14,20,6,,,4,4,4,5,7,,3,,,3,14,39,
,,3,,,,2,7,14,20,6,,,4,4,4,5,7,,3,,,3,14,39,
,,3,,,,2,7,14,20,6,,,4,4,4,5,7,,3,,,3,14,39,
,,3,,,,2,7,14,20,6,,,4,4,4,5,7,,3,,,3,14,39,
,,3,,,,2,7,14,20,6,,,4,4,4,5,7,,3,,,3,14,39,
,,3,,,,2,7,14,20,6,,,4,4,4,5,7,,3,,,3,14,39,
,,3,,,,2,7,14,20,6,,,4,4,4,5,7,,3,,,3,14,39,
,,3,,,,2,7,14,20,6,,,4,4,4,5,7,,3,,,3,14,39,
,,3,,,,2,7,14,20,6,,,4,4,4,5,7,,3,,,3,14,39,
,,3,,,,2,7,14,20,6,,,4,4,4,5,7,,3,,,3,14,39,
,,3,,,,2,7,14,20,6,,,4,4,4,5,7,,3,,,3,14,39,
,,3,,,,2,7,14,20,6,,,4,4,4,5,7,,3,,,3,14,39,
,,3,,,,2,7,14,20,6,,,4,4,4,5,7,,3,,,3,14,39,
,,3,,,,2,7,14,20,6,,,4,4,4,5,7,,3,,,3,14,39,
,,3,,,,2,7,14,20,6,,,4,4,4,5,7,,3,,,3,14,39,
,,3,,,,2,7,14,20,6,,,4,4,4,5,7,,3,,,3,14,39,
,,3,,,,2,7,14,20,6,,,4,4,4,5,7,,3,,,3,14,39,
,,3,,,,2,7,14,20,6,,,4,4,4,5,7,,3,,,3,14,39,
,,3,,,,2,7,14,20,6,,,4,4,4,5,7,,3,,,3,14,39,
,,3,,,,2,7,14,20,6,,,4,4,4,5,7,,3,,,3,14,39,
,,3,,,,2,7,14,20,6,,,4,4,4,5,7,,3,,,3,14,39,
,,3,,,,2,7,14,20,6,,,4,4,4,5,7,,3,,,3,14,39,
,,3,,,,2,7,14,20,6,,,4,4,4,5,7,,3,,,3,14,39,
,,3,,,,2,7,14,20,6,,,4,4,4,5,7,,3,,,3,14,39,
,,3,,,,2,7,14,20,6,,,4,4,4,5,7,,3,,,3,14,39,
,,3,,,,2,7,14,20,6,,,4,4,4,5,7,,3,,,3,14,39,
,,3,,,,2,7,14,20,6,,,4,4,4,5,7,,3,,,3,14,39,
,,3,,,,2,7,14,20,6,,,4,4,4,5,7,,3,,,3,14,39,
,,3,,,,2,7,14,20,6,,,4,4,4,5,7,,3,,,3,14,39,
,,3,,,,2,7,14,20,6,,,4,4,4,5,7,,3,,,3,14,39,
,,3,,,,2,7,14,20,6,,,4,4,4,5,7,,3,,,3,14,39,
,,3,,,,2,7,14,20,6,,,4,4,4,5,7,,3,,,3,14,39,
,,3,,,,2,7,14,20,6,,,4,4,4,5,7,,3,,,3,14,39,
,,3,,,,2,7,14,20,6,,,4,4,4,5,7,,3,,,3,14,39,
,,3,,,,2,7,14,20,6,,,4,4,4,5,7,,3,,,3,14,39,
,,3,,,,2,7,14,20,6,,,4,4,4,5,7,,3,,,3,14,39,
,,3,,,,2,7,14,20,6,,,4,4,4,5,7,,3,,,3,14,39,
,,3,,,,2,7,14,20,6,,,4,4,4,5,7,,3,,,3,14,39,
,,3,,,,2,7,14,20,6,,,4,4,4,5,7,,3,,,3,14,39,
,,3,,,,2,7,14,20,6,,,4,4,4,5,7,,3,,,3,14,39,
,,3,,,,2,7,14,20,6,,,4,4,4,5,7,,3,,,3,14,39,
,,3,,,,2,7,14,20,6,,,4,4,4,5,7,,3,,,3,14,39,
,,3,,,,2,7,14,20,6,,,4,4,4,5,7,,3,,,3,14,39,
,,3,,,,2,7,14,20,6,,,4,4,4,5,7,,3,,,3,14,39,
,,3,,,,2,7,14,20,6,,,4,4,4,5,7,,3,,,3,14,39,
,,3,,,,2,7,14,20,6,,,4,4,4,5,7,,3,,,3,14,39,
,,3,,,,2,7,14,20,6,,,4,4,4,5,7,,3,,,3,14,39,
,,3,,,,2,7,14,20,6,,,4,4,4,5,7,,3,,,3,14,39,
,,3,,,,2,7,14,20,6,,,4,4,4,5,7,,3,,,3,14,39,
,,3,,,,2,7,14,20,6,,,4,4,4,5,7,,3,,,3,14,39,
,,3,,,,2,7,14,20,6,,,4,4,4,5,7,,3,,,3,14,39,
,,3,,,,2,7,14,20,6,,,4,4,4,5,7,,3,,,3,14,39,
,,3,,,,2,7,14,20,6,,,4,4,4,5,7,,3,,,3,14,39,
,,3,,,,2,7,14,20,6,,,4,4,4,5,7,,3,,,3,14,39,
,,3,,,,2,7,14,20,6,,,4,4,4,5,7,,3,,,3,14,39,
,,3,,,,2,7,14,20,6,,,4,4,4,5,7,,3,,,3,14,39,
,,3,,,,2,7,14,20,6,,,4,4,4,5,7,,3,,,3,14,39,
,,3,,,,2,7,14,20,6,,,4,4,4,5,7,,3,,,3,14,39,
,,3,,,,2,7,14,20,6,,,4,4,4,5,7,,3,,,3,14,39,
,,3,,,,2,7,14,20,6,,,4,4,4,5,7,,3,,,3,14,39,
,,3,,,,2,7,14,20,6,,,4,4,4,5,7,,3,,,3,14,39,
,,3,,,,2,7,14,20,6,,,4,4,4,5,7,,3,,,3,14,39,
,,3,,,,2,7,14,20,6,,,4,4,4,5,7,,3,,,3,14,39,
,,3,,,,2,7,14,20,6,,,4,4,4,5,7,,3,,,3,14,39,
,,3,,,,2,7,14,20,6,,,4,4,4,5,7,,3,,,3,14,39,
,,3,,,,2,7,14,20,6,,,4,4,4,5,7,,3,,,3,14,39,
,,3,,,,2,7,14,20,6,,,4,4,4,5,7,,3,,,3,14,39,
,,3,,,,2,7,14,20,6,,,4,4,4,5,7,,3,,,3,14,39,
,,3,,,,2,7,14,20,6,,,4,4,4,5,7,,3,,,3,14,39,
,,3,,,,2,7,14,20,6,,,4,4,4,5,7,,3,,,3,14,39,
,,3,,,,2,7,14,20,6,,,4,4,4,5,7,,3,,,3,14,39,
,,3,,,,2,7,14,20,6,,,4,4,4,5,7,,3,,,3,14,39,
,,3,,,,2,7,14,20,6,,,4,4,4,5,7,,3,,,3,14,39,
,,3,,,,2,7,14,20,6,,,4,4,4,5,7,,3,,,3,14,39,
,,3,,,,2,7,14,20,6,,,4,4,4,5,7,,3,,,3,14,39,
,,3,,,,2,7,14,20,6,,,4,4,4,5,7,,3,,,3,14,39,
,,3,,,,2,7,14,20,6,,,4,4,4,5,7,,3,,,3,14,39,
,,3,,,,2,7,14,20,6,,,4,4,4,5,7,,3,,,3,14,39,
,,3,,,,2,7,14,20,6,,,4,4,4,5,7,,3,,,3,14,39,
,,3,,,,2,7,14,20,6,,,4,4,4,5,7,,3,,,3,14,39,
,,3,,,,2,7,14,20,6,,,4,4,4,5,7,,3,,,3,14,39,
,,3,,,,2,7,14,20,6,,,4,4,4,5,7,,3,,,3,14,39,
,,3,,,,2,7,14,20,6,,,4,4,4,5,7,,3,,,3,14,39,
,,3,,,,2,7,14,20,6,,,4,4,4,5,7,,3,,,3,14,39,
,,3,,,,2,7,14,20,6,,,4,4,4,5,7,,3,,,3,14,39,
,,3,,,,2,7,14,20,6,,,4,4,4,5,7,,3,,,3,14,39,
,,3,,,,2,7,14,20,6,,,4,4,4,5,7,,3,,,3,14,39,
,,3,,,,2,7,14,20,6,,,4,4,4,5,7,,3,,,3,14,39,
,,3,,,,2,7,14,20,6,,,4,4,4,5,7,,3,,,3,14,39,
,,3,,,,2,7,14,20,6,,,4,4,4,5,7,,3,,,3,14,39,
,,3,,,,2,7,14,20,6,,,4,4,4,5,7,,3,,,3,14,39,
,,3,,,,2,7,14,20,6,,,4,4,4,5,7,,3,,,3,14,39,
,,3,,,,2,7,14,20,6,,,4,4,4,5,7,,3,,,3,14,39,
,,3,,,,2,7,14,20,6,,,4,4,4,5,7,,3,,,3,14,39,
,,3,,,,2,7,14,20,6,,,4,4,4,5,7,,3,,,3,14,39,
,,3,,,,2,7,14,20,6,,,4,4,4,5,7,,3,,,3,14,39,
,,3,,,,2,7,14,20,6,,,4,4,4,5,7,,3,,,3,14,39,
,,3,,,,2,7,14,20,6,,,4,4,4,5,7,,3,,,3,14,39,
,,3,,,,2,7,14,20,6,,,4,4,4,5,7,,3,,,3,14,39,
,,3,,,,2,7,14,20,6,,,4,4,4,5,7,,3,,,3,14,39,
,,3,,,,2,7,14,20,6,,,4,4,4,5,7,,3,,,3,14,39,
,,3,,,,2,7,14,20,6,,,4,4,4,5,7,,3,,,3,14,39,
,,3,,,,2,7,14,20,6,,,4,4,4,5,7,,3,,,3,14,39,
,,3,,,,2,7,14,20,6,,,4,4,4,5,7,,3,,,3,14,39,
,,3,,,,2,7,14,20,6,,,4,4,4,5,7,,3,,,3,14,39,
,,3,,,,2,7,14,20,6,,,4,4,4,5,7,,3,,,3,14,39,
,,3,,,,2,7,14,20,6,,,4,4,4,5,7,,3,,,3,14,39,
,,3,,,,2,7,14,20,6,,,4,4,4,5,7,,3,,,3,14,39,
,,3,,,,2,7,14,20,6,,,4,4,4,5,7,,3,,,3,14,39,
,,3,,,,2,7,14,20,6,,,4,4,4,5,7,,3,,,3,14,39,
,,3,,,,2,7,14,20,6,,,4,4,4,5,7,,3,,,3,14,39,
,,3,,,,2,7,14,20,6,,,4,4,4,5,7,,3,,,3,14,39,
,,3,,,,2,7,14,20,6,,,4,4,4,5,7,,3,,,3,14,39,
,,3,,,,2,7,14,20,6,,,4,4,4,5,7,,3,,,3,14,39,
,,3,,,,2,7,14,20,6,,,4,4,4,5,7,,3,,,3,14,39,
,,3,,,,2,7,14,20,6,,,4,4,4,5,7,,3,,,3,14,39,
,,3,,,,2,7,14,20,6,,,4,4,4,5,7,,3,,,3,14,39,
,,3,,,,2,7,14,20,6,,,4,4,4,5,7,,3,,,3,14,39,
,,3,,,,2,7,14,20,6,,,4,4,4,5,7,,3,,,3,14,39,
,,3,,,,2,7,14,20,6,,,4,4,4,5,7,,3,,,3,14,39,
,,3,,,,2,7,14,20,6,,,4,4,4,5,7,,3,,,3,14,39,
,,3,,,,2,7,14,20,6,,,4,4,4,5,7,,3,,,3,14,39,
,,3,,,,2,7,14,20,6,,,4,4,4,5,7,,3,,,3,14,39,
,,3,,,,2,7,14,20,6,,,4,4,4,5,7,,3,,,3,14,39,
,,3,,,,2,7,14,20,6,,,4,4,4,5,7,,3,,,3,14,39,
,,3,,,,2,7,14,20,6,,,4,4,4,5,7,,3,,,3,14,39,
,,3,,,,2,7,14,20,6,,,4,4,4,5,7,,3,,,3,14,39,
,,3,,,,2,7,14,20,6,,,4,4,4,5,7,,3,,,3,14,39,
,,3,,,,2,7,14,20,6,,,4,4,4,5,7,,3,,,3,14,39,
,,3,,,,2,7,14,20,6,,,4,4,4,5,7,,3,,,3,14,39,
,,3,,,,2,7,14,20,6,,,4,4,4,5,7,,3,,,3,14,39,
,,3,,,,2,7,14,20,6,,,4,4,4,5,7,,3,,,3,14,39,
,,3,,,,2,7,14,20,6,,,4,4,4,5,7,,3,,,3,14,39,
,,3,,,,2,7,14,20,6,,,4,4,4,5,7,,3,,,3,14,39,
,,3,,,,2,7,14,20,6,,,4,4,4,5,7,,3,,,3,14,39,
,,3,,,,2,7,14,20,6,,,4,4,4,5,7,,3,,,3,14,39,
,,3,,,,2,7,14,20,6,,,4,4,4,5,7,,3,,,3,14,39,
,,3,,,,2,7,14,20,6,,,4,4,4,5,7,,3,,,3,14,39,
,,3,,,,2,7,14,20,6,,,4,4,4,5,7,,3,,,3,14,39,
,,3,,,,2,7,14,20,6,,,4,4,4,5,7,,3,,,3,14,39,
,,3,,,,2,7,14,20,6,,,4,4,4,5,7,,3,,,3,14,39,
,,3,,,,2,7,14,20,6,,,4,4,4,5,7,,3,,,3,14,39,
,,3,,,,2,7,14,20,6,,,4,4,4,5,7,,3,,,3,14,39,
,,3,,,,2,7,14,20,6,,,4,4,4,5,7,,3,,,3,14,39,
,,3,,,,2,7,14,20,6,,,4,4,4,5,7,,3,,,3,14,39,
,,3,,,,2,7,14,20,6,,,4,4,4,5,7,,3,,,3,14,39,
,,3,,,,2,7,14,20,6,,,4,4,4,5,7,,3,,,3,14,39,
,,3,,,,2,7,14,20,6,,,4,4,4,5,7,,3,,,3,14,39,
,,3,,,,2,7,14,20,6,,,4,4,4,5,7,,3,,,3,14,39,
,,3,,,,2,7,14,20,6,,,4,4,4,5,7,,3,,,3,14,39,
,,3,,,,2,7,14,20,6,,,4,4,4,5,7,,3,,,3,14,39,
,,3,,,,2,7,14,20,6,,,4,4,4,5,7,,3,,,3,14,39,
,,3,,,,2,7,14,20,6,,,4,4,4,5,7,,3,,,3,14,39,
,,3,,,,2,7,14,20,6,,,4,4,4,5,7,,3,,,3,14,39,
,,3,,,,2,7,14,20,6,,,4,4,4,5,7,,3,,,3,14,39,
,,3,,,,2,7,14,20,6,,,4,4,4,5,7,,3,,,3,14,39,
,,3,,,,2,7,14,20,6,,,4,4,4,5,7,,3,,,3,14,39,
,,3,,,,2,7,14,20,6,,,4,4,4,5,7,,3,,,3,14,39,
,,3,,,,2,7,14,20,6,,,4,4,4,5,7,,3,,,3,14,39,
,,3,,,,2,7,14,20,6,,,4,4,4,5,7,,3,,,3,14,39,
,,3,,,,2,7,14,20,6,,,4,4,4,5,7,,3,,,3,14,39,
,,3,,,,2,7,14,20,6,,,4,4,4,5,7,,3,,,3,14,39,
,,3,,,,2,7,14,20,6,,,4,4,4,5,7,,3,,,3,14,39,
,,3,,,,2,7,14,20,6,,,4,4,4,5,7,,3,,,3,14,39,
,,3,,,,2,7,14,20,6,,,4,4,4,5,7,,3,,,3,14,39,
,,3,,,,2,7,14,20,6,,,4,4,4,5,7,,3,,,3,14,39,
,,3,,,,2,7,14,20,6,,,4,4,4,5,7,,3,,,3,14,39,
,,3,,,,2,7,14,20,6,,,4,4,4,5,7,,3,,,3,14,39,
,,3,,,,2,7,14,20,6,,,4,4,4,5,7,,3,,,3,14,39,
,,3,,,,2,7,14,20,6,,,4,4,4,5,7,,3,,,3,14,39,
,,3,,,,2,7,14,20,6,,,4,4,4,5,7,,3,,,3,14,39,
,,3,,,,2,7,14,20,6,,,4,4,4,5,7,,3,,,3,14,39,
,,3,,,,2,7,14,20,6,,,4,4,4,5,7,,3,,,3,14,39,
,,3,,,,2,7,14,20,6,,,4,4,4,5,7,,3,,,3,14,39,
,,3,,,,2,7,14,20,6,,,4,4,4,5,7,,3,,,3,14,39,
,,3,,,,2,7,14,20,6,,,4,4,4,5,7,,3,,,3,14,39,
,,3,,,,2,7,14,20,6,,,4,4,4,5,7,,3,,,3,14,39,
,,3,,,,2,7,14,20,6,,,4,4,4,5,7,,3,,,3,14,39,
,,3,,,,2,7,14,20,6,,,4,4,4,5,7,,3,,,3,14,39,
,,3,,,,2,7,14,20,6,,,4,4,4,5,7,,3,,,3,14,39,
,,3,,,,2,7,14,20,6,,,4,4,4,5,7,,3,,,3,14,39,
,,3,,,,2,7,14,20,6,,,4,4,4,5,7,,3,,,3,14,39,
,,3,,,,2,7,14,20,6,,,4,4,4,5,7,,3,,,3,14,39,
,,3,,,,2,7,14,20,6,,,4,4,4,5,7,,3,,,3,14,39,
,,3,,,,2,7,14,20,6,,,4,4,4,5,7,,3,,,3,14,39,
,,3,,,,2,7,14,20,6,,,4,4,4,5,7,,3,,,3,14,39,
,,3,,,,2,7,14,20,6,,,4,4,4,5,7,,3,,,3,14,39,
,,3,,,,2,7,14,20,6,,,4,4,4,5,7,,3,,,3,14,39,
,,3,,,,2,7,14,20,6,,,4,4,4,5,7,,3,,,3,14,39,
,,3,,,,2,7,14,20,6,,,4,4,4,5,7,,3,,,3,14,39,
,,3,,,,2,7,14,20,6,,,4,4,4,5,7,,3,,,3,14,39,
,,3,,,,2,7,14,20,6,,,4,4,4,5,7,,3,,,3,14,39,
,,3,,,,2,7,14,20,6,,,4,4,4,5,7,,3,,,3,14,39,
,,3,,,,2,7,14,20,6,,,4,4,4,5,7,,3,,,3,14,39,
,,3,,,,2,7,14,20,6,,,4,4,4,5,7,,3,,,3,14,39,
,,3,,,,2,7,14,20,6,,,4,4,4,5,7,,3,,,3,14,39,
,,3,,,,2,7,14,20,6,,,4,4,4,5,7,,3,,,3,14,39,
,,3,,,,2,7,14,20,6,,,4,4,4,5,7,,3,,,3,14,39,
,,3,,,,2,7,14,20,6,,,4,4,4,5,7,,3,,,3,14,39,
,,3,,,,2,7,14,20,6,,,4,4,4,5,7,,3,,,3,14,39,
,,3,,,,2,7,14,20,6,,,4,4,4,5,7,,3,,,3,14,39,
,,3,,,,2,7,14,20,6,,,4,4,4,5,7,,3,,,3,14,39,
,,3,,,,2,7,14,20,6,,,4,4,4,5,7,,3,,,3,14,39,
,,3,,,,2,7,14,20,6,,,4,4,4,5,7,,3,,,3,14,39,
,,3,,,,2,7,14,20,6,,,4,4,4,5,7,,3,,,3,14,39,
,,3,,,,2,7,14,20,6,,,4,4,4,5,7,,3,,,3,14,39,
,,3,,,,2,7,14,20,6,,,4,4,4,5,7,,3,,,3,14,39,
,,3,,,,2,7,14,20,6,,,4,4,4,5,7,,3,,,3,14,39,
,,3,,,,2,7,14,20,6,,,4,4,4,5,7,,3,,,3,14,39,
,,3,,,,2,7,14,20,6,,,4,4,4,5,7,,3,,,3,14,39,
,,3,,,,2,7,14,20,6,,,4,4,4,5,7,,3,,,3,14,39,
,,3,,,,2,7,14,20,6,,,4,4,4,5,7,,3,,,3,14,39,
,,3,,,,2,7,14,20,6,,,4,4,4,5,7,,3,,,3,14,39,
,,3,,,,2,7,14,20,6,,,4,4,4,5,7,,3,,,3,14,39,
,,3,,,,2,7,14,20,6,,,4,4,4,5,7,,3,,,3,14,39,
,,3,,,,2,7,14,20,6,,,4,4,4,5,7,,3,,,3,14,39,
,,3,,,,2,7,14,20,6,,,4,4,4,5,7,,3,,,3,14,39,
,,3,,,,2,7,14,20,6,,,4,4,4,5,7,,3,,,3,14,39,
,,3,,,,2,7,14,20,6,,,4,4,4,5,7,,3,,,3,14,39,
,,3,,,,2,7,14,20,6,,,4,4,4,5,7,,3,,,3,14,39,
,,3,,,,2,7,14,20,6,,,4,4,4,5,7,,3,,,3,14,39,
,,3,,,,2,7,14,20,6,,,4,4,4,5,7,,3,,,3,14,39,
,,3,,,,2,7,14,20,6,,,4,4,4,5,7,,3,,,3,14,39,
,,3,,,,2,7,14,20,6,,,4,4,4,5,7,,3,,,3,14,39,
,,3,,,,2,7,14,20,6,,,4,4,4,5,7,,3,,,3,14,39,
,,3,,,,2,7,14,20,6,,,4,4,4,5,7,,3,,,3,14,39,
,,3,,,,2,7,14,20,6,,,4,4,4,5,7,,3,,,3,14,39,
,,3,,,,2,7,14,20,6,,,4,4,4,5,7,,3,,,3,14,39,
,,3,,,,2,7,14,20,6,,,4,4,4,5,7,,3,,,3,14,39,
,,3,,,,2,7,14,20,6,,,4,4,4,5,7,,3,,,3,14,39,
,,3,,,,2,7,14,20,6,,,4,4,4,5,7,,3,,,3,14,39,
,,3,,,,2,7,14,20,6,,,4,4,4,5,7,,3,,,3,14,39,
,,3,,,,2,7,14,20,6,,,4,4,4,5,7,,3,,,3,14,39,
,,3,,,,2,7,14,20,6,,,4,4,4,5,7,,3,,,3,14,39,
,,3,,,,2,7,14,20,6,,,4,4,4,5,7,,3,,,3,14,39,
,,3,,,,2,7,14,20,6,,,4,4,4,5,7,,3,,,3,14,39,
,,3,,,,2,7,14,20,6,,,4,4,4,5,7,,3,,,3,14,39,
,,3,,,,2,7,14,20,6,,,4,4,4,5,7,,3,,,3,14,39,
,,3,,,,2,7,14,20,6,,,4,4,4,5,7,,3,,,3,14,39,
,,3,,,,2,7,14,20,6,,,4,4,4,5,7,,3,,,3,14,39,
,,3,,,,2,7,14,20,6,,,4,4,4,5,7,,3,,,3,14,39,
,,3,,,,2,7,14,20,6,,,4,4,4,5,7,,3,,,3,14,39,
,,3,,,,2,7,14,20,6,,,4,4,4,5,7,,3,,,3,14,39,
,,3,,,,2,7,14,20,6,,,4,4,4,5,7,,3,,,3,14,39,
,,3,,,,2,7,14,20,6,,,4,4,4,5,7,,3,,,3,14,39,
,,3,,,,2,7,14,20,6,,,4,4,4,5,7,,3,,,3,14,39,
,,3,,,,2,7,14,20,6,,,4,4,4,5,7,,3,,,3,14,39,
,,3,,,,2,7,14,20,6,,,4,4,4,5,7,,3,,,3,14,39,
,,3,,,,2,7,14,20,6,,,4,4,4,5,7,,3,,,3,14,39,
,,3,,,,2,7,14,20,6,,,4,4,4,5,7,,3,,,3,14,39,
,,3,,,,2,7,14,20,6,,,4,4,4,5,7,,3,,,3,14,39,
,,3,,,,2,7,14,20,6,,,4,4,4,5,7,,3,,,3,14,39,
,,3,,,,2,7,14,20,6,,,4,4,4,5,7,,3,,,3,14,39,
,,3,,,,2,7,14,20,6,,,4,4,4,5,7,,3,,,3,14,39,
,,3,,,,2,7,14,20,6,,,4,4,4,5,7,,3,,,3,14,39,
,,3,,,,2,7,14,20,6,,,4,4,4,5,7,,3,,,3,14,39,
,,3,,,,2,7,14,20,6,,,4,4,4,5,7,,3,,,3,14,39,
,,3,,,,2,7,14,20,6,,,4,4,4,5,7,,3,,,3,14,39,
,,3,,,,2,7,14,20,6,,,4,4,4,5,7,,3,,,3,14,39,
,,3,,,,2,7,14,20,6,,,4,4,4,5,7,,3,,,3,14,39,
,,3,,,,2,7,14,20,6,,,4,4,4,5,7,,3,,,3,14,39,
,,3,,,,2,7,14,20,6,,,4,4,4,5,7,,3,,,3,14,39,
,,3,,,,2,7,14,20,6,,,4,4,4,5,7,,3,,,3,14,39,
,,3,,,,2,7,14,20,6,,,4,4,4,5,7,,3,,,3,14,39,
,,3,,,,2,7,14,20,6,,,4,4,4,5,7,,3,,,3,14,39,
,,3,,,,2,7,14,20,6,,,4,4,4,5,7,,3,,,3,14,39,
,,3,,,,2,7,14,20,6,,,4,4,4,5,7,,3,,,3,14,39,
,,3,,,,2,7,14,20,6,,,4,4,4,5,7,,3,,,3,14,39,
,,3,,,,2,7,14,20,6,,,4,4,4,5,7,,3,,,3,14,39,
,,3,,,,2,7,14,20,6,,,4,4,4,5,7,,3,,,3,14,39,
,,3,,,,2,7,14,20,6,,,4,4,4,5,7,,3,,,3,14,39,
,,3,,,,2,7,14,20,6,,,4,4,4,5,7,,3,,,3,14,39,
,,3,,,,2,7,14,20,6,,,4,4,4,5,7,,3,,,3,14,39,
,,3,,,,2,7,14,20,6,,,4,4,4,5,7,,3,,,3,14,39,
,,3,,,,2,7,14,20,6,,,4,4,4,5,7,,3,,,3,14,39,
,,3,,,,2,7,14,20,6,,,4,4,4,5,7,,3,,,3,14,39,
,,3,,,,2,7,14,20,6,,,4,4,4,5,7,,3,,,3,14,39,
,,3,,,,2,7,14,20,6,,,4,4,4,5,7,,3,,,3,14,39,
,,3,,,,2,7,14,20,6,,,4,4,4,5,7,,3,,,3,14,39,
,,3,,,,2,7,14,20,6,,,4,4,4,5,7,,3,,,3,14,39,
,,3,,,,2,7,14,20,6,,,4,4,4,5,7,,3,,,3,14,39,
,,3,,,,2,7,14,20,6,,,4,4,4,5,7,,3,,,3,14,39,
,,3,,,,2,7,14,20,6,,,4,4,4,5,7,,3,,,3,14,39,
,,3,,,,2,7,14,20,6,,,4,4,4,5,7,,3,,,3,14,39,
,,3,,,,2,7,14,20,6,,,4,4,4,5,7,,3,,,3,14,39,
,,3,,,,2,7,14,20,6,,,4,4,4,5,7,,3,,,3,14,39,
,,3,,,,2,7,14,20,6,,,4,4,4,5,7,,3,,,3,14,39,
,,3,,,,2,7,14,20,6,,,4,4,4,5,7,,3,,,3,14,39,
,,3,,,,2,7,14,20,6,,,4,4,4,5,7,,3,,,3,14,39,
,,3,,,,2,7,14,20,6,,,4,4,4,5,7,,3,,,3,14,39,
,,3,,,,2,7,14,20,6,,,4,4,4,5,7,,3,,,3,14,39,
,,3,,,,2,7,14,20,6,,,4,4,4,5,7,,3,,,3,14,39,
,,3,,,,2,7,14,20,6,,,4,4,4,5,7,,3,,,3,14,39,
,,3,,,,2,7,14,20,6,,,4,4,4,5,7,,3,,,3,14,39,
,,3,,,,2,7,14,20,6,,,4,4,4,5,7,,3,,,3,14,39,
,,3,,,,2,7,14,20,6,,,4,4,4,5,7,,3,,,3,14,39,
,,3,,,,2,7,14,20,6,,,4,4,4,5,7,,3,,,3,14,39,
,,3,,,,2,7,14,20,6,,,4,4,4,5,7,,3,,,3,14,39,
,,3,,,,2,7,14,20,6,,,4,4,4,5,7,,3,,,3,14,39,
,,3,,,,2,7,14,20,6,,,4,4,4,5,7,,3,,,3,14,39,
,,3,,,,2,7,14,20,6,,,4,4,4,5,7,,3,,,3,14,39,
,,3,,,,2,7,14,20,6,,,4,4,4,5,7,,3,,,3,14,39,
,,3,,,,2,7,14,20,6,,,4,4,4,5,7,,3,,,3,14,39,
,,3,,,,2,7,14,20,6,,,4,4,4,5,7,,3,,,3,14,39,
,,3,,,,2,7,14,20,6,,,4,4,4,5,7,,3,,,3,14,39,
,,3,,,,2,7,14,20,6,,,4,4,4,5,7,,3,,,3,14,39,
,,3,,,,2,7,14,20,6,,,4,4,4,5,7,,3,,,3,14,39,
,,3,,,,2,7,14,20,6,,,4,4,4,5,7,,3,,,3,14,39,
,,3,,,,2,7,14,20,6,,,4,4,4,5,7,,3,,,3,14,39,
,,3,,,,2,7,14,20,6,,,4,4,4,5,7,,3,,,3,14,39,
,,3,,,,2,7,14,20,6,,,4,4,4,5,7,,3,,,3,14,39,
,,3,,,,2,7,14,20,6,,,4,4,4,5,7,,3,,,3,14,39,
,,3,,,,2,7,14,20,6,,,4,4,4,5,7,,3,,,3,14,39,
,,3,,,,2,7,14,20,6,,,4,4,4,5,7,,3,,,3,14,39,
,,3,,,,2,7,14,20,6,,,4,4,4,5,7,,3,,,3,14,39,
,,3,,,,2,7,14,20,6,,,4,4,4,5,7,,3,,,3,14,39,
,,3,,,,2,7,14,20,6,,,4,4,4,5,7,,3,,,3,14,39,
,,3,,,,2,7,14,20,6,,,4,4,4,5,7,,3,,,3,14,39,
,,3,,,,2,7,14,20,6,,,4,4,4,5,7,,3,,,3,14,39,
,,3,,,,2,7,14,20,6,,,4,4,4,5,7,,3,,,3,14,39,
,,3,,,,2,7,14,20,6,,,4,4,4,5,7,,3,,,3,14,39,
,,3,,,,2,7,14,20,6,,,4,4,4,5,7,,3,,,3,14,39,
,,3,,,,2,7,14,20,6,,,4,4,4,5,7,,3,,,3,14,39,
,,3,,,,2,7,14,20,6,,,4,4,4,5,7,,3,,,3,14,39,
,,3,,,,2,7,14,20,6,,,4,4,4,5,7,,3,,,3,14,39,
,,3,,,,2,7,14,20,6,,,4,4,4,5,7,,3,,,3,14,39,
,,3,,,,2,7,14,20,6,,,4,4,4,5,7,,3,,,3,14,39,
,,3,,,,2,7,14,20,6,,,4,4,4,5,7,,3,,,3,14,39,
,,3,,,,2,7,14,20,6,,,4,4,4,5,7,,3,,,3,14,39,
,,3,,,,2,7,14,20,6,,,4,4,4,5,7,,3,,,3,14,39,
,,3,,,,2,7,14,20,6,,,4,4,4,5,7,,3,,,3,14,39,
,,3,,,,2,7,14,20,6,,,4,4,4,5,7,,3,,,3,14,39,
,,3,,,,2,7,14,20,6,,,4,4,4,5,7,,3,,,3,14,39,
,,3,,,,2,7,14,20,6,,,4,4,4,5,7,,3,,,3,14,39,
,,3,,,,2,7,14,20,6,,,4,4,4,5,7,,3,,,3,14,39,
,,3,,,,2,7,14,20,6,,,4,4,4,5,7,,3,,,3,14,39,
,,3,,,,2,7,14,20,6,,,4,4,4,5,7,,3,,,3,14,39,
,,3,,,,2,7,14,20,6,,,4,4,4,5,7,,3,,,3,14,39,
,,3,,,,2,7,14,20,6,,,4,4,4,5,7,,3,,,3,14,39,
,,3,,,,2,7,14,20,6,,,4,4,4,5,7,,3,,,3,14,39,
,,3,,,,2,7,14,20,6,,,4,4,4,5,7,,3,,,3,14,39,
,,3,,,,2,7,14,20,6,,,4,4,4,5,7,,3,,,3,14,39,
,,3,,,,2,7,14,20,6,,,4,4,4,5,7,,3,,,3,14,39,
,,3,,,,2,7,14,20,6,,,4,4,4,5,7,,3,,,3,14,39,
,,3,,,,2,7,14,20,6,,,4,4,4,5,7,,3,,,3,14,39,
,,3,,,,2,7,14,20,6,,,4,4,4,5,7,,3,,,3,14,39,
,,3,,,,2,7,14,20,6,,,4,4,4,5,7,,3,,,3,14,39,
,,3,,,,2,7,14,20,6,,,4,4,4,5,7,,3,,,3,14,39,
,,3,,,,2,7,14,20,6,,,4,4,4,5,7,,3,,,3,14,39,
,,3,,,,2,7,14,20,6,,,4,4,4,5,7,,3,,,3,14,39,
,,3,,,,2,7,14,20,6,,,4,4,4,5,7,,3,,,3,14,39,
,,3,,,,2,7,14,20,6,,,4,4,4,5,7,,3,,,3,14,39,
,,3,,,,2,7,14,20,6,,,4,4,4,5,7,,3,,,3,14,39,
,,3,,,,2,7,14,20,6,,,4,4,4,5,7,,3,,,3,14,39,
,,3,,,,2,7,14,20,6,,,4,4,4,5,7,,3,,,3,14,39,
,,3,,,,2,7,14,20,6,,,4,4,4,5,7,,3,,,3,14,39,
,,3,,,,2,7,14,20,6,,,4,4,4,5,7,,3,,,3,14,39,
,,3,,,,2,7,14,20,6,,,4,4,4,5,7,,3,,,3,14,39,
,,3,,,,2,7,14,20,6,,,4,4,4,5,7,,3,,,3,14,39,
,,3,,,,2,7,14,20,6,,,4,4,4,5,7,,3,,,3,14,39,
,,3,,,,2,7,14,20,6,,,4,4,4,5,7,,3,,,3,14,39,
,,3,,,,2,7,14,20,6,,,4,4,4,5,7,,3,,,3,14,39,
,,3,,,,2,7,14,20,6,,,4,4,4,5,7,,3,,,3,14,39,
,,3,,,,2,7,14,20,6,,,4,4,4,5,7,,3,,,3,14,39,
,,3,,,,2,7,14,20,6,,,4,4,4,5,7,,3,,,3,14,39,
,,3,,,,2,7,14,20,6,,,4,4,4,5,7,,3,,,3,14,39,
,,3,,,,2,7,14,20,6,,,4,4,4,5,7,,3,,,3,14,39,
,,3,,,,2,7,14,20,6,,,4,4,4,5,7,,3,,,3,14,39,
,,3,,,,2,7,14,20,6,,,4,4,4,5,7,,3,,,3,14,39,
,,3,,,,2,7,14,20,6,,,4,4,4,5,7,,3,,,3,14,39,
,,3,,,,2,7,14,20,6,,,4,4,4,5,7,,3,,,3,14,39,
,,3,,,,2,7,14,20,6,,,4,4,4,5,7,,3,,,3,14,39,
,,3,,,,2,7,14,20,6,,,4,4,4,5,7,,3,,,3,14,39,
,,3,,,,2,7,14,20,6,,,4,4,4,5,7,,3,,,3,14,39,
,,3,,,,2,7,14,20,6,,,4,4,4,5,7,,3,,,3,14,39,
,,3,,,,2,7,14,20,6,,,4,4,4,5,7,,3,,,3,14,39,
,,3,,,,2,7,14,20,6,,,4,4,4,5,7,,3,,,3,14,39,
,,3,,,,2,7,14,20,6,,,4,4,4,5,7,,3,,,3,14,39,
,,3,,,,2,7,14,20,6,,,4,4,4,5,7,,3,,,3,14,39,
,,3,,,,2,7,14,20,6,,,4,4,4,5,7,,3,,,3,14,39,
,,3,,,,2,7,14,20,6,,,4,4,4,5,7,,3,,,3,14,39,
,,3,,,,2,7,14,20,6,,,4,4,4,5,7,,3,,,3,14,39,
,,3,,,,2,7,14,20,6,,,4,4,4,5,7,,3,,,3,14,39,
,,3,,,,2,7,14,20,6,,,4,4,4,5,7,,3,,,3,14,39,
,,3,,,,2,7,14,20,6,,,4,4,4,5,7,,3,,,3,14,39,
,,3,,,,2,7,14,20,6,,,4,4,4,5,7,,3,,,3,14,39,
,,3,,,,2,7,14,20,6,,,4,4,4,5,7,,3,,,3,14,39,
,,3,,,,2,7,14,20,6,,,4,4,4,5,7,,3,,,3,14,39,
,,3,,,,2,7,14,20,6,,,4,4,4,5,7,,3,,,3,14,39,
,,3,,,,2,7,14,20,6,,,4,4,4,5,7,,3,,,3,14,39,
,,3,,,,2,7,14,20,6,,,4,4,4,5,7,,3,,,3,14,39,
,,3,,,,2,7,14,20,6,,,4,4,4,5,7,,3,,,3,14,39,
,,3,,,,2,7,14,20,6,,,4,4,4,5,7,,3,,,3,14,39,
,,3,,,,2,7,14,20,6,,,4,4,4,5,7,,3,,,3,14,39,
,,3,,,,2,7,14,20,6,,,4,4,4,5,7,,3,,,3,14,39,
,,3,,,,2,7,14,20,6,,,4,4,4,5,7,,3,,,3,14,39,
,,3,,,,2,7,14,20,6,,,4,4,4,5,7,,3,,,3,14,39,
,,3,,,,2,7,14,20,6,,,4,4,4,5,7,,3,,,3,14,39,
,,3,,,,2,7,14,20,6,,,4,4,4,5,7,,3,,,3,14,39,
,,3,,,,2,7,14,20,6,,,4,4,4,5,7,,3,,,3,14,39,
,,3,,,,2,7,14,20,6,,,4,4,4,5,7,,3,,,3,14,39,
,,3,,,,2,7,14,20,6,,,4,4,4,5,7,,3,,,3,14,39,
,,3,,,,2,7,14,20,6,,,4,4,4,5,7,,3,,,3,14,39,
,,3,,,,2,7,14,20,6,,,4,4,4,5,7,,3,,,3,14,39,
,,3,,,,2,7,14,20,6,,,4,4,4,5,7,,3,,,3,14,39,
,,3,,,,2,7,14,20,6,,,4,4,4,5,7,,3,,,3,14,39,
,,3,,,,2,7,14,20,6,,,4,4,4,5,7,,3,,,3,14,39,
,,3,,,,2,7,14,20,6,,,4,4,4,5,7,,3,,,3,14,39,
,,3,,,,2,7,14,20,6,,,4,4,4,5,7,,3,,,3,14,39,
,,3,,,,2,7,14,20,6,,,4,4,4,5,7,,3,,,3,14,39,
,,3,,,,2,7,14,20,6,,,4,4,4,5,7,,3,,,3,14,39,
,,3,,,,2,7,14,20,6,,,4,4,4,5,7,,3,,,3,14,39,
,,3,,,,2,7,14,20,6,,,4,4,4,5,7,,3,,,3,14,39,
,,3,,,,2,7,14,20,6,,,4,4,4,5,7,,3,,,3,14,39,
,,3,,,,2,7,14,20,6,,,4,4,4,5,7,,3,,,3,14,39,
,,3,,,,2,7,14,20,6,,,4,4,4,5,7,,3,,,3,14,39,
,,3,,,,2,7,14,20,6,,,4,4,4,5,7,,3,,,3,14,39,
,,3,,,,2,7,14,20,6,,,4,4,4,5,7,,3,,,3,14,39,
,,3,,,,2,7,14,20,6,,,4,4,4,5,7,,3,,,3,14,39,
,,3,,,,2,7,14,20,6,,,4,4,4,5,7,,3,,,3,14,39,
,,3,,,,2,7,14,20,6,,,4,4,4,5,7,,3,,,3,14,39,
,,3,,,,2,7,14,20,6,,,4,4,4,5,7,,3,,,3,14,39,
,,3,,,,2,7,14,20,6,,,4,4,4,5,7,,3,,,3,14,39,
,,3,,,,2,7,14,20,6,,,4,4,4,5,7,,3,,,3,14,39,
,,3,,,,2,7,14,20,6,,,4,4,4,5,7,,3,,,3,14,39,
,,3,,,,2,7,14,20,6,,,4,4,4,5,7,,3,,,3,14,39,
,,3,,,,2,7,14,20,6,,,4,4,4,5,7,,3,,,3,14,39,
,,3,,,,2,7,14,20,6,,,4,4,4,5,7,,3,,,3,14,39,
,,3,,,,2,7,14,20,6,,,4,4,4,5,7,,3,,,3,14,39,
,,3,,,,2,7,14,20,6,,,4,4,4,5,7,,3,,,3,14,39,
,,3,,,,2,7,14,20,6,,,4,4,4,5,7,,3,,,3,14,39,
,,3,,,,2,7,14,20,6,,,4,4,4,5,7,,3,,,3,14,39,
,,3,,,,2,7,14,20,6,,,4,4,4,5,7,,3,,,3,14,39,
,,3,,,,2,7,14,20,6,,,4,4,4,5,7,,3,,,3,14,39,
,,3,,,,2,7,14,20,6,,,4,4,4,5,7,,3,,,3,14,39,
,,3,,,,2,7,14,20,6,,,4,4,4,5,7,,3,,,3,14,39,
,,3,,,,2,7,14,20,6,,,4,4,4,5,7,,3,,,3,14,39,
,,3,,,,2,7,14,20,6,,,4,4,4,5,7,,3,,,3,14,39,
,,3,,,,2,7,14,20,6,,,4,4,4,5,7,,3,,,3,14,39,
,,3,,,,2,7,14,20,6,,,4,4,4,5,7,,3,,,3,14,39,
,,3,,,,2,7,14,20,6,,,4,4,4,5,7,,3,,,3,14,39,
,,3,,,,2,7,14,20,6,,,4,4,4,5,7,,3,,,3,14,39,
,,3,,,,2,7,14,20,6,,,4,4,4,5,7,,3,,,3,14,39,
,,3,,,,2,7,14,20,6,,,4,4,4,5,7,,3,,,3,14,39,
,,3,,,,2,7,14,20,6,,,4,4,4,5,7,,3,,,3,14,39,
,,3,,,,2,7,14,20,6,,,4,4,4,5,7,,3,,,3,14,39,
,,3,,,,2,7,14,20,6,,,4,4,4,5,7,,3,,,3,14,39,
,,3,,,,2,7,14,20,6,,,4,4,4,5,7,,3,,,3,14,39,
,,3,,,,2,7,14,20,6,,,4,4,4,5,7,,3,,,3,14,39,
,,3,,,,2,7,14,20,6,,,4,4,4,5,7,,3,,,3,14,39,
,,3,,,,2,7,14,20,6,,,4,4,4,5,7,,3,,,3,14,39,
,,3,,,,2,7,14,20,6,,,4,4,4,5,7,,3,,,3,14,39,
